ARM GAS  /tmp/ccE3qxy9.s 			page 1


   1              		.cpu cortex-m4
   2              		.arch armv7e-m
   3              		.fpu fpv4-sp-d16
   4              		.eabi_attribute 27, 1
   5              		.eabi_attribute 28, 1
   6              		.eabi_attribute 20, 1
   7              		.eabi_attribute 21, 1
   8              		.eabi_attribute 23, 3
   9              		.eabi_attribute 24, 1
  10              		.eabi_attribute 25, 1
  11              		.eabi_attribute 26, 1
  12              		.eabi_attribute 30, 1
  13              		.eabi_attribute 34, 1
  14              		.eabi_attribute 18, 4
  15              		.file	"stm32g4xx_hal_dma.c"
  16              		.text
  17              	.Ltext0:
  18              		.cfi_sections	.debug_frame
  19              		.file 1 "Drivers/STM32G4xx_HAL_Driver/Src/stm32g4xx_hal_dma.c"
  20              		.section	.text.DMA_SetConfig,"ax",%progbits
  21              		.align	1
  22              		.syntax unified
  23              		.thumb
  24              		.thumb_func
  26              	DMA_SetConfig:
  27              	.LVL0:
  28              	.LFB341:
   1:Drivers/STM32G4xx_HAL_Driver/Src/stm32g4xx_hal_dma.c **** /**
   2:Drivers/STM32G4xx_HAL_Driver/Src/stm32g4xx_hal_dma.c ****   ******************************************************************************
   3:Drivers/STM32G4xx_HAL_Driver/Src/stm32g4xx_hal_dma.c ****   * @file    stm32g4xx_hal_dma.c
   4:Drivers/STM32G4xx_HAL_Driver/Src/stm32g4xx_hal_dma.c ****   * @author  MCD Application Team
   5:Drivers/STM32G4xx_HAL_Driver/Src/stm32g4xx_hal_dma.c ****   * @brief   DMA HAL module driver.
   6:Drivers/STM32G4xx_HAL_Driver/Src/stm32g4xx_hal_dma.c ****   *         This file provides firmware functions to manage the following
   7:Drivers/STM32G4xx_HAL_Driver/Src/stm32g4xx_hal_dma.c ****   *         functionalities of the Direct Memory Access (DMA) peripheral:
   8:Drivers/STM32G4xx_HAL_Driver/Src/stm32g4xx_hal_dma.c ****   *           + Initialization and de-initialization functions
   9:Drivers/STM32G4xx_HAL_Driver/Src/stm32g4xx_hal_dma.c ****   *           + IO operation functions
  10:Drivers/STM32G4xx_HAL_Driver/Src/stm32g4xx_hal_dma.c ****   *           + Peripheral State and errors functions
  11:Drivers/STM32G4xx_HAL_Driver/Src/stm32g4xx_hal_dma.c ****   *
  12:Drivers/STM32G4xx_HAL_Driver/Src/stm32g4xx_hal_dma.c ****   ******************************************************************************
  13:Drivers/STM32G4xx_HAL_Driver/Src/stm32g4xx_hal_dma.c ****   * @attention
  14:Drivers/STM32G4xx_HAL_Driver/Src/stm32g4xx_hal_dma.c ****   *
  15:Drivers/STM32G4xx_HAL_Driver/Src/stm32g4xx_hal_dma.c ****   * Copyright (c) 2019 STMicroelectronics.
  16:Drivers/STM32G4xx_HAL_Driver/Src/stm32g4xx_hal_dma.c ****   * All rights reserved.
  17:Drivers/STM32G4xx_HAL_Driver/Src/stm32g4xx_hal_dma.c ****   *
  18:Drivers/STM32G4xx_HAL_Driver/Src/stm32g4xx_hal_dma.c ****   * This software is licensed under terms that can be found in the LICENSE file
  19:Drivers/STM32G4xx_HAL_Driver/Src/stm32g4xx_hal_dma.c ****   * in the root directory of this software component.
  20:Drivers/STM32G4xx_HAL_Driver/Src/stm32g4xx_hal_dma.c ****   * If no LICENSE file comes with this software, it is provided AS-IS.
  21:Drivers/STM32G4xx_HAL_Driver/Src/stm32g4xx_hal_dma.c ****   *
  22:Drivers/STM32G4xx_HAL_Driver/Src/stm32g4xx_hal_dma.c ****   ******************************************************************************
  23:Drivers/STM32G4xx_HAL_Driver/Src/stm32g4xx_hal_dma.c ****   @verbatim
  24:Drivers/STM32G4xx_HAL_Driver/Src/stm32g4xx_hal_dma.c ****   ==============================================================================
  25:Drivers/STM32G4xx_HAL_Driver/Src/stm32g4xx_hal_dma.c ****                         ##### How to use this driver #####
  26:Drivers/STM32G4xx_HAL_Driver/Src/stm32g4xx_hal_dma.c ****   ==============================================================================
  27:Drivers/STM32G4xx_HAL_Driver/Src/stm32g4xx_hal_dma.c ****   [..]
  28:Drivers/STM32G4xx_HAL_Driver/Src/stm32g4xx_hal_dma.c ****    (#) Enable and configure the peripheral to be connected to the DMA Channel
  29:Drivers/STM32G4xx_HAL_Driver/Src/stm32g4xx_hal_dma.c ****        (except for internal SRAM / FLASH memories: no initialization is
  30:Drivers/STM32G4xx_HAL_Driver/Src/stm32g4xx_hal_dma.c ****        necessary). Please refer to the Reference manual for connection between peripherals
ARM GAS  /tmp/ccE3qxy9.s 			page 2


  31:Drivers/STM32G4xx_HAL_Driver/Src/stm32g4xx_hal_dma.c ****        and DMA requests.
  32:Drivers/STM32G4xx_HAL_Driver/Src/stm32g4xx_hal_dma.c **** 
  33:Drivers/STM32G4xx_HAL_Driver/Src/stm32g4xx_hal_dma.c ****    (#) For a given Channel, program the required configuration through the following parameters:
  34:Drivers/STM32G4xx_HAL_Driver/Src/stm32g4xx_hal_dma.c ****        Channel request, Transfer Direction, Source and Destination data formats,
  35:Drivers/STM32G4xx_HAL_Driver/Src/stm32g4xx_hal_dma.c ****        Circular or Normal mode, Channel Priority level, Source and Destination Increment mode
  36:Drivers/STM32G4xx_HAL_Driver/Src/stm32g4xx_hal_dma.c ****        using HAL_DMA_Init() function.
  37:Drivers/STM32G4xx_HAL_Driver/Src/stm32g4xx_hal_dma.c **** 
  38:Drivers/STM32G4xx_HAL_Driver/Src/stm32g4xx_hal_dma.c ****        Prior to HAL_DMA_Init the peripheral clock shall be enabled for both DMA & DMAMUX
  39:Drivers/STM32G4xx_HAL_Driver/Src/stm32g4xx_hal_dma.c ****        thanks to:
  40:Drivers/STM32G4xx_HAL_Driver/Src/stm32g4xx_hal_dma.c ****       (##) DMA1 or DMA2: __HAL_RCC_DMA1_CLK_ENABLE() or  __HAL_RCC_DMA2_CLK_ENABLE() ;
  41:Drivers/STM32G4xx_HAL_Driver/Src/stm32g4xx_hal_dma.c ****       (##) DMAMUX1:      __HAL_RCC_DMAMUX1_CLK_ENABLE();
  42:Drivers/STM32G4xx_HAL_Driver/Src/stm32g4xx_hal_dma.c **** 
  43:Drivers/STM32G4xx_HAL_Driver/Src/stm32g4xx_hal_dma.c ****    (#) Use HAL_DMA_GetState() function to return the DMA state and HAL_DMA_GetError() in case of er
  44:Drivers/STM32G4xx_HAL_Driver/Src/stm32g4xx_hal_dma.c ****        detection.
  45:Drivers/STM32G4xx_HAL_Driver/Src/stm32g4xx_hal_dma.c **** 
  46:Drivers/STM32G4xx_HAL_Driver/Src/stm32g4xx_hal_dma.c ****    (#) Use HAL_DMA_Abort() function to abort the current transfer
  47:Drivers/STM32G4xx_HAL_Driver/Src/stm32g4xx_hal_dma.c **** 
  48:Drivers/STM32G4xx_HAL_Driver/Src/stm32g4xx_hal_dma.c ****      -@-   In Memory-to-Memory transfer mode, Circular mode is not allowed.
  49:Drivers/STM32G4xx_HAL_Driver/Src/stm32g4xx_hal_dma.c **** 
  50:Drivers/STM32G4xx_HAL_Driver/Src/stm32g4xx_hal_dma.c ****      *** Polling mode IO operation ***
  51:Drivers/STM32G4xx_HAL_Driver/Src/stm32g4xx_hal_dma.c ****      =================================
  52:Drivers/STM32G4xx_HAL_Driver/Src/stm32g4xx_hal_dma.c ****     [..]
  53:Drivers/STM32G4xx_HAL_Driver/Src/stm32g4xx_hal_dma.c ****           (+) Use HAL_DMA_Start() to start DMA transfer after the configuration of Source
  54:Drivers/STM32G4xx_HAL_Driver/Src/stm32g4xx_hal_dma.c ****               address and destination address and the Length of data to be transferred
  55:Drivers/STM32G4xx_HAL_Driver/Src/stm32g4xx_hal_dma.c ****           (+) Use HAL_DMA_PollForTransfer() to poll for the end of current transfer, in this
  56:Drivers/STM32G4xx_HAL_Driver/Src/stm32g4xx_hal_dma.c ****               case a fixed Timeout can be configured by User depending from his application.
  57:Drivers/STM32G4xx_HAL_Driver/Src/stm32g4xx_hal_dma.c **** 
  58:Drivers/STM32G4xx_HAL_Driver/Src/stm32g4xx_hal_dma.c ****      *** Interrupt mode IO operation ***
  59:Drivers/STM32G4xx_HAL_Driver/Src/stm32g4xx_hal_dma.c ****      ===================================
  60:Drivers/STM32G4xx_HAL_Driver/Src/stm32g4xx_hal_dma.c ****     [..]
  61:Drivers/STM32G4xx_HAL_Driver/Src/stm32g4xx_hal_dma.c ****           (+) Configure the DMA interrupt priority using HAL_NVIC_SetPriority()
  62:Drivers/STM32G4xx_HAL_Driver/Src/stm32g4xx_hal_dma.c ****           (+) Enable the DMA IRQ handler using HAL_NVIC_EnableIRQ()
  63:Drivers/STM32G4xx_HAL_Driver/Src/stm32g4xx_hal_dma.c ****           (+) Use HAL_DMA_Start_IT() to start DMA transfer after the configuration of
  64:Drivers/STM32G4xx_HAL_Driver/Src/stm32g4xx_hal_dma.c ****               Source address and destination address and the Length of data to be transferred.
  65:Drivers/STM32G4xx_HAL_Driver/Src/stm32g4xx_hal_dma.c ****               In this case the DMA interrupt is configured
  66:Drivers/STM32G4xx_HAL_Driver/Src/stm32g4xx_hal_dma.c ****           (+) Use HAL_DMA_IRQHandler() called under DMA_IRQHandler() Interrupt subroutine
  67:Drivers/STM32G4xx_HAL_Driver/Src/stm32g4xx_hal_dma.c ****           (+) At the end of data transfer HAL_DMA_IRQHandler() function is executed and user can
  68:Drivers/STM32G4xx_HAL_Driver/Src/stm32g4xx_hal_dma.c ****               add his own function to register callbacks with HAL_DMA_RegisterCallback().
  69:Drivers/STM32G4xx_HAL_Driver/Src/stm32g4xx_hal_dma.c **** 
  70:Drivers/STM32G4xx_HAL_Driver/Src/stm32g4xx_hal_dma.c ****      *** DMA HAL driver macros list ***
  71:Drivers/STM32G4xx_HAL_Driver/Src/stm32g4xx_hal_dma.c ****      =============================================
  72:Drivers/STM32G4xx_HAL_Driver/Src/stm32g4xx_hal_dma.c ****       [..]
  73:Drivers/STM32G4xx_HAL_Driver/Src/stm32g4xx_hal_dma.c ****        Below the list of macros in DMA HAL driver.
  74:Drivers/STM32G4xx_HAL_Driver/Src/stm32g4xx_hal_dma.c **** 
  75:Drivers/STM32G4xx_HAL_Driver/Src/stm32g4xx_hal_dma.c ****        (+) __HAL_DMA_ENABLE: Enable the specified DMA Channel.
  76:Drivers/STM32G4xx_HAL_Driver/Src/stm32g4xx_hal_dma.c ****        (+) __HAL_DMA_DISABLE: Disable the specified DMA Channel.
  77:Drivers/STM32G4xx_HAL_Driver/Src/stm32g4xx_hal_dma.c ****        (+) __HAL_DMA_GET_FLAG: Get the DMA Channel pending flags.
  78:Drivers/STM32G4xx_HAL_Driver/Src/stm32g4xx_hal_dma.c ****        (+) __HAL_DMA_CLEAR_FLAG: Clear the DMA Channel pending flags.
  79:Drivers/STM32G4xx_HAL_Driver/Src/stm32g4xx_hal_dma.c ****        (+) __HAL_DMA_ENABLE_IT: Enable the specified DMA Channel interrupts.
  80:Drivers/STM32G4xx_HAL_Driver/Src/stm32g4xx_hal_dma.c ****        (+) __HAL_DMA_DISABLE_IT: Disable the specified DMA Channel interrupts.
  81:Drivers/STM32G4xx_HAL_Driver/Src/stm32g4xx_hal_dma.c ****        (+) __HAL_DMA_GET_IT_SOURCE: Check whether the specified DMA Channel interrupt has occurred 
  82:Drivers/STM32G4xx_HAL_Driver/Src/stm32g4xx_hal_dma.c **** 
  83:Drivers/STM32G4xx_HAL_Driver/Src/stm32g4xx_hal_dma.c ****      [..]
  84:Drivers/STM32G4xx_HAL_Driver/Src/stm32g4xx_hal_dma.c ****       (@) You can refer to the DMA HAL driver header file for more useful macros
  85:Drivers/STM32G4xx_HAL_Driver/Src/stm32g4xx_hal_dma.c **** 
  86:Drivers/STM32G4xx_HAL_Driver/Src/stm32g4xx_hal_dma.c ****   @endverbatim
  87:Drivers/STM32G4xx_HAL_Driver/Src/stm32g4xx_hal_dma.c ****   */
ARM GAS  /tmp/ccE3qxy9.s 			page 3


  88:Drivers/STM32G4xx_HAL_Driver/Src/stm32g4xx_hal_dma.c **** 
  89:Drivers/STM32G4xx_HAL_Driver/Src/stm32g4xx_hal_dma.c **** /* Includes ------------------------------------------------------------------*/
  90:Drivers/STM32G4xx_HAL_Driver/Src/stm32g4xx_hal_dma.c **** #include "stm32g4xx_hal.h"
  91:Drivers/STM32G4xx_HAL_Driver/Src/stm32g4xx_hal_dma.c **** 
  92:Drivers/STM32G4xx_HAL_Driver/Src/stm32g4xx_hal_dma.c **** /** @addtogroup STM32G4xx_HAL_Driver
  93:Drivers/STM32G4xx_HAL_Driver/Src/stm32g4xx_hal_dma.c ****   * @{
  94:Drivers/STM32G4xx_HAL_Driver/Src/stm32g4xx_hal_dma.c ****   */
  95:Drivers/STM32G4xx_HAL_Driver/Src/stm32g4xx_hal_dma.c **** 
  96:Drivers/STM32G4xx_HAL_Driver/Src/stm32g4xx_hal_dma.c **** /** @defgroup DMA DMA
  97:Drivers/STM32G4xx_HAL_Driver/Src/stm32g4xx_hal_dma.c ****   * @brief DMA HAL module driver
  98:Drivers/STM32G4xx_HAL_Driver/Src/stm32g4xx_hal_dma.c ****   * @{
  99:Drivers/STM32G4xx_HAL_Driver/Src/stm32g4xx_hal_dma.c ****   */
 100:Drivers/STM32G4xx_HAL_Driver/Src/stm32g4xx_hal_dma.c **** 
 101:Drivers/STM32G4xx_HAL_Driver/Src/stm32g4xx_hal_dma.c **** #ifdef HAL_DMA_MODULE_ENABLED
 102:Drivers/STM32G4xx_HAL_Driver/Src/stm32g4xx_hal_dma.c **** 
 103:Drivers/STM32G4xx_HAL_Driver/Src/stm32g4xx_hal_dma.c **** /* Private typedef -----------------------------------------------------------*/
 104:Drivers/STM32G4xx_HAL_Driver/Src/stm32g4xx_hal_dma.c **** /* Private define ------------------------------------------------------------*/
 105:Drivers/STM32G4xx_HAL_Driver/Src/stm32g4xx_hal_dma.c **** /* Private macro -------------------------------------------------------------*/
 106:Drivers/STM32G4xx_HAL_Driver/Src/stm32g4xx_hal_dma.c **** /* Private variables ---------------------------------------------------------*/
 107:Drivers/STM32G4xx_HAL_Driver/Src/stm32g4xx_hal_dma.c **** /* Private function prototypes -----------------------------------------------*/
 108:Drivers/STM32G4xx_HAL_Driver/Src/stm32g4xx_hal_dma.c **** /** @defgroup DMA_Private_Functions DMA Private Functions
 109:Drivers/STM32G4xx_HAL_Driver/Src/stm32g4xx_hal_dma.c ****   * @{
 110:Drivers/STM32G4xx_HAL_Driver/Src/stm32g4xx_hal_dma.c ****   */
 111:Drivers/STM32G4xx_HAL_Driver/Src/stm32g4xx_hal_dma.c **** static void DMA_SetConfig(DMA_HandleTypeDef *hdma, uint32_t SrcAddress, uint32_t DstAddress, uint32
 112:Drivers/STM32G4xx_HAL_Driver/Src/stm32g4xx_hal_dma.c **** 
 113:Drivers/STM32G4xx_HAL_Driver/Src/stm32g4xx_hal_dma.c **** static void DMA_CalcDMAMUXChannelBaseAndMask(DMA_HandleTypeDef *hdma);
 114:Drivers/STM32G4xx_HAL_Driver/Src/stm32g4xx_hal_dma.c **** static void DMA_CalcDMAMUXRequestGenBaseAndMask(DMA_HandleTypeDef *hdma);
 115:Drivers/STM32G4xx_HAL_Driver/Src/stm32g4xx_hal_dma.c **** 
 116:Drivers/STM32G4xx_HAL_Driver/Src/stm32g4xx_hal_dma.c **** /**
 117:Drivers/STM32G4xx_HAL_Driver/Src/stm32g4xx_hal_dma.c ****   * @}
 118:Drivers/STM32G4xx_HAL_Driver/Src/stm32g4xx_hal_dma.c ****   */
 119:Drivers/STM32G4xx_HAL_Driver/Src/stm32g4xx_hal_dma.c **** 
 120:Drivers/STM32G4xx_HAL_Driver/Src/stm32g4xx_hal_dma.c **** /* Exported functions ---------------------------------------------------------*/
 121:Drivers/STM32G4xx_HAL_Driver/Src/stm32g4xx_hal_dma.c **** 
 122:Drivers/STM32G4xx_HAL_Driver/Src/stm32g4xx_hal_dma.c **** /** @defgroup DMA_Exported_Functions DMA Exported Functions
 123:Drivers/STM32G4xx_HAL_Driver/Src/stm32g4xx_hal_dma.c ****   * @{
 124:Drivers/STM32G4xx_HAL_Driver/Src/stm32g4xx_hal_dma.c ****   */
 125:Drivers/STM32G4xx_HAL_Driver/Src/stm32g4xx_hal_dma.c **** 
 126:Drivers/STM32G4xx_HAL_Driver/Src/stm32g4xx_hal_dma.c **** /** @defgroup DMA_Exported_Functions_Group1 Initialization and de-initialization functions
 127:Drivers/STM32G4xx_HAL_Driver/Src/stm32g4xx_hal_dma.c ****   *  @brief   Initialization and de-initialization functions
 128:Drivers/STM32G4xx_HAL_Driver/Src/stm32g4xx_hal_dma.c ****   *
 129:Drivers/STM32G4xx_HAL_Driver/Src/stm32g4xx_hal_dma.c **** @verbatim
 130:Drivers/STM32G4xx_HAL_Driver/Src/stm32g4xx_hal_dma.c ****  ===============================================================================
 131:Drivers/STM32G4xx_HAL_Driver/Src/stm32g4xx_hal_dma.c ****              ##### Initialization and de-initialization functions  #####
 132:Drivers/STM32G4xx_HAL_Driver/Src/stm32g4xx_hal_dma.c ****  ===============================================================================
 133:Drivers/STM32G4xx_HAL_Driver/Src/stm32g4xx_hal_dma.c ****     [..]
 134:Drivers/STM32G4xx_HAL_Driver/Src/stm32g4xx_hal_dma.c ****     This section provides functions allowing to initialize the DMA Channel source
 135:Drivers/STM32G4xx_HAL_Driver/Src/stm32g4xx_hal_dma.c ****     and destination addresses, incrementation and data sizes, transfer direction,
 136:Drivers/STM32G4xx_HAL_Driver/Src/stm32g4xx_hal_dma.c ****     circular/normal mode selection, memory-to-memory mode selection and Channel priority value.
 137:Drivers/STM32G4xx_HAL_Driver/Src/stm32g4xx_hal_dma.c ****     [..]
 138:Drivers/STM32G4xx_HAL_Driver/Src/stm32g4xx_hal_dma.c ****     The HAL_DMA_Init() function follows the DMA configuration procedures as described in
 139:Drivers/STM32G4xx_HAL_Driver/Src/stm32g4xx_hal_dma.c ****     reference manual.
 140:Drivers/STM32G4xx_HAL_Driver/Src/stm32g4xx_hal_dma.c **** 
 141:Drivers/STM32G4xx_HAL_Driver/Src/stm32g4xx_hal_dma.c **** @endverbatim
 142:Drivers/STM32G4xx_HAL_Driver/Src/stm32g4xx_hal_dma.c ****   * @{
 143:Drivers/STM32G4xx_HAL_Driver/Src/stm32g4xx_hal_dma.c ****   */
 144:Drivers/STM32G4xx_HAL_Driver/Src/stm32g4xx_hal_dma.c **** 
ARM GAS  /tmp/ccE3qxy9.s 			page 4


 145:Drivers/STM32G4xx_HAL_Driver/Src/stm32g4xx_hal_dma.c **** /**
 146:Drivers/STM32G4xx_HAL_Driver/Src/stm32g4xx_hal_dma.c ****   * @brief  Initialize the DMA according to the specified
 147:Drivers/STM32G4xx_HAL_Driver/Src/stm32g4xx_hal_dma.c ****   *         parameters in the DMA_InitTypeDef and initialize the associated handle.
 148:Drivers/STM32G4xx_HAL_Driver/Src/stm32g4xx_hal_dma.c ****   * @param  hdma Pointer to a DMA_HandleTypeDef structure that contains
 149:Drivers/STM32G4xx_HAL_Driver/Src/stm32g4xx_hal_dma.c ****   *               the configuration information for the specified DMA Channel.
 150:Drivers/STM32G4xx_HAL_Driver/Src/stm32g4xx_hal_dma.c ****   * @retval HAL status
 151:Drivers/STM32G4xx_HAL_Driver/Src/stm32g4xx_hal_dma.c ****   */
 152:Drivers/STM32G4xx_HAL_Driver/Src/stm32g4xx_hal_dma.c **** HAL_StatusTypeDef HAL_DMA_Init(DMA_HandleTypeDef *hdma)
 153:Drivers/STM32G4xx_HAL_Driver/Src/stm32g4xx_hal_dma.c **** {
 154:Drivers/STM32G4xx_HAL_Driver/Src/stm32g4xx_hal_dma.c ****   uint32_t tmp;
 155:Drivers/STM32G4xx_HAL_Driver/Src/stm32g4xx_hal_dma.c **** 
 156:Drivers/STM32G4xx_HAL_Driver/Src/stm32g4xx_hal_dma.c ****   /* Check the DMA handle allocation */
 157:Drivers/STM32G4xx_HAL_Driver/Src/stm32g4xx_hal_dma.c ****   if (hdma == NULL)
 158:Drivers/STM32G4xx_HAL_Driver/Src/stm32g4xx_hal_dma.c ****   {
 159:Drivers/STM32G4xx_HAL_Driver/Src/stm32g4xx_hal_dma.c ****     return HAL_ERROR;
 160:Drivers/STM32G4xx_HAL_Driver/Src/stm32g4xx_hal_dma.c ****   }
 161:Drivers/STM32G4xx_HAL_Driver/Src/stm32g4xx_hal_dma.c **** 
 162:Drivers/STM32G4xx_HAL_Driver/Src/stm32g4xx_hal_dma.c ****   /* Check the parameters */
 163:Drivers/STM32G4xx_HAL_Driver/Src/stm32g4xx_hal_dma.c ****   assert_param(IS_DMA_ALL_INSTANCE(hdma->Instance));
 164:Drivers/STM32G4xx_HAL_Driver/Src/stm32g4xx_hal_dma.c ****   assert_param(IS_DMA_DIRECTION(hdma->Init.Direction));
 165:Drivers/STM32G4xx_HAL_Driver/Src/stm32g4xx_hal_dma.c ****   assert_param(IS_DMA_PERIPHERAL_INC_STATE(hdma->Init.PeriphInc));
 166:Drivers/STM32G4xx_HAL_Driver/Src/stm32g4xx_hal_dma.c ****   assert_param(IS_DMA_MEMORY_INC_STATE(hdma->Init.MemInc));
 167:Drivers/STM32G4xx_HAL_Driver/Src/stm32g4xx_hal_dma.c ****   assert_param(IS_DMA_PERIPHERAL_DATA_SIZE(hdma->Init.PeriphDataAlignment));
 168:Drivers/STM32G4xx_HAL_Driver/Src/stm32g4xx_hal_dma.c ****   assert_param(IS_DMA_MEMORY_DATA_SIZE(hdma->Init.MemDataAlignment));
 169:Drivers/STM32G4xx_HAL_Driver/Src/stm32g4xx_hal_dma.c ****   assert_param(IS_DMA_MODE(hdma->Init.Mode));
 170:Drivers/STM32G4xx_HAL_Driver/Src/stm32g4xx_hal_dma.c ****   assert_param(IS_DMA_PRIORITY(hdma->Init.Priority));
 171:Drivers/STM32G4xx_HAL_Driver/Src/stm32g4xx_hal_dma.c **** 
 172:Drivers/STM32G4xx_HAL_Driver/Src/stm32g4xx_hal_dma.c ****   assert_param(IS_DMA_ALL_REQUEST(hdma->Init.Request));
 173:Drivers/STM32G4xx_HAL_Driver/Src/stm32g4xx_hal_dma.c **** 
 174:Drivers/STM32G4xx_HAL_Driver/Src/stm32g4xx_hal_dma.c ****   /* Compute the channel index */
 175:Drivers/STM32G4xx_HAL_Driver/Src/stm32g4xx_hal_dma.c ****   if ((uint32_t)(hdma->Instance) < (uint32_t)(DMA2_Channel1))
 176:Drivers/STM32G4xx_HAL_Driver/Src/stm32g4xx_hal_dma.c ****   {
 177:Drivers/STM32G4xx_HAL_Driver/Src/stm32g4xx_hal_dma.c ****     /* DMA1 */
 178:Drivers/STM32G4xx_HAL_Driver/Src/stm32g4xx_hal_dma.c ****     hdma->ChannelIndex = (((uint32_t)hdma->Instance - (uint32_t)DMA1_Channel1) / ((uint32_t)DMA1_Ch
 179:Drivers/STM32G4xx_HAL_Driver/Src/stm32g4xx_hal_dma.c ****     hdma->DmaBaseAddress = DMA1;
 180:Drivers/STM32G4xx_HAL_Driver/Src/stm32g4xx_hal_dma.c ****   }
 181:Drivers/STM32G4xx_HAL_Driver/Src/stm32g4xx_hal_dma.c ****   else
 182:Drivers/STM32G4xx_HAL_Driver/Src/stm32g4xx_hal_dma.c ****   {
 183:Drivers/STM32G4xx_HAL_Driver/Src/stm32g4xx_hal_dma.c ****     /* DMA2 */
 184:Drivers/STM32G4xx_HAL_Driver/Src/stm32g4xx_hal_dma.c ****     hdma->ChannelIndex = (((uint32_t)hdma->Instance - (uint32_t)DMA2_Channel1) / ((uint32_t)DMA2_Ch
 185:Drivers/STM32G4xx_HAL_Driver/Src/stm32g4xx_hal_dma.c ****     hdma->DmaBaseAddress = DMA2;
 186:Drivers/STM32G4xx_HAL_Driver/Src/stm32g4xx_hal_dma.c ****   }
 187:Drivers/STM32G4xx_HAL_Driver/Src/stm32g4xx_hal_dma.c **** 
 188:Drivers/STM32G4xx_HAL_Driver/Src/stm32g4xx_hal_dma.c ****   /* Change DMA peripheral state */
 189:Drivers/STM32G4xx_HAL_Driver/Src/stm32g4xx_hal_dma.c ****   hdma->State = HAL_DMA_STATE_BUSY;
 190:Drivers/STM32G4xx_HAL_Driver/Src/stm32g4xx_hal_dma.c **** 
 191:Drivers/STM32G4xx_HAL_Driver/Src/stm32g4xx_hal_dma.c ****   /* Get the CR register value */
 192:Drivers/STM32G4xx_HAL_Driver/Src/stm32g4xx_hal_dma.c ****   tmp = hdma->Instance->CCR;
 193:Drivers/STM32G4xx_HAL_Driver/Src/stm32g4xx_hal_dma.c **** 
 194:Drivers/STM32G4xx_HAL_Driver/Src/stm32g4xx_hal_dma.c ****   /* Clear PL, MSIZE, PSIZE, MINC, PINC, CIRC, DIR and MEM2MEM bits */
 195:Drivers/STM32G4xx_HAL_Driver/Src/stm32g4xx_hal_dma.c ****   tmp &= ((uint32_t)~(DMA_CCR_PL    | DMA_CCR_MSIZE  | DMA_CCR_PSIZE  |
 196:Drivers/STM32G4xx_HAL_Driver/Src/stm32g4xx_hal_dma.c ****                       DMA_CCR_MINC  | DMA_CCR_PINC   | DMA_CCR_CIRC   |
 197:Drivers/STM32G4xx_HAL_Driver/Src/stm32g4xx_hal_dma.c ****                       DMA_CCR_DIR   | DMA_CCR_MEM2MEM));
 198:Drivers/STM32G4xx_HAL_Driver/Src/stm32g4xx_hal_dma.c **** 
 199:Drivers/STM32G4xx_HAL_Driver/Src/stm32g4xx_hal_dma.c ****   /* Prepare the DMA Channel configuration */
 200:Drivers/STM32G4xx_HAL_Driver/Src/stm32g4xx_hal_dma.c ****   tmp |=  hdma->Init.Direction        |
 201:Drivers/STM32G4xx_HAL_Driver/Src/stm32g4xx_hal_dma.c ****           hdma->Init.PeriphInc           | hdma->Init.MemInc           |
ARM GAS  /tmp/ccE3qxy9.s 			page 5


 202:Drivers/STM32G4xx_HAL_Driver/Src/stm32g4xx_hal_dma.c ****           hdma->Init.PeriphDataAlignment | hdma->Init.MemDataAlignment |
 203:Drivers/STM32G4xx_HAL_Driver/Src/stm32g4xx_hal_dma.c ****           hdma->Init.Mode                | hdma->Init.Priority;
 204:Drivers/STM32G4xx_HAL_Driver/Src/stm32g4xx_hal_dma.c **** 
 205:Drivers/STM32G4xx_HAL_Driver/Src/stm32g4xx_hal_dma.c ****   /* Write to DMA Channel CR register */
 206:Drivers/STM32G4xx_HAL_Driver/Src/stm32g4xx_hal_dma.c ****   hdma->Instance->CCR = tmp;
 207:Drivers/STM32G4xx_HAL_Driver/Src/stm32g4xx_hal_dma.c **** 
 208:Drivers/STM32G4xx_HAL_Driver/Src/stm32g4xx_hal_dma.c ****   /* Initialize parameters for DMAMUX channel :
 209:Drivers/STM32G4xx_HAL_Driver/Src/stm32g4xx_hal_dma.c ****      DMAmuxChannel, DMAmuxChannelStatus and DMAmuxChannelStatusMask
 210:Drivers/STM32G4xx_HAL_Driver/Src/stm32g4xx_hal_dma.c ****   */
 211:Drivers/STM32G4xx_HAL_Driver/Src/stm32g4xx_hal_dma.c ****   DMA_CalcDMAMUXChannelBaseAndMask(hdma);
 212:Drivers/STM32G4xx_HAL_Driver/Src/stm32g4xx_hal_dma.c **** 
 213:Drivers/STM32G4xx_HAL_Driver/Src/stm32g4xx_hal_dma.c ****   if (hdma->Init.Direction == DMA_MEMORY_TO_MEMORY)
 214:Drivers/STM32G4xx_HAL_Driver/Src/stm32g4xx_hal_dma.c ****   {
 215:Drivers/STM32G4xx_HAL_Driver/Src/stm32g4xx_hal_dma.c ****     /* if memory to memory force the request to 0*/
 216:Drivers/STM32G4xx_HAL_Driver/Src/stm32g4xx_hal_dma.c ****     hdma->Init.Request = DMA_REQUEST_MEM2MEM;
 217:Drivers/STM32G4xx_HAL_Driver/Src/stm32g4xx_hal_dma.c ****   }
 218:Drivers/STM32G4xx_HAL_Driver/Src/stm32g4xx_hal_dma.c **** 
 219:Drivers/STM32G4xx_HAL_Driver/Src/stm32g4xx_hal_dma.c ****   /* Set peripheral request  to DMAMUX channel */
 220:Drivers/STM32G4xx_HAL_Driver/Src/stm32g4xx_hal_dma.c ****   hdma->DMAmuxChannel->CCR = (hdma->Init.Request & DMAMUX_CxCR_DMAREQ_ID);
 221:Drivers/STM32G4xx_HAL_Driver/Src/stm32g4xx_hal_dma.c **** 
 222:Drivers/STM32G4xx_HAL_Driver/Src/stm32g4xx_hal_dma.c ****   /* Clear the DMAMUX synchro overrun flag */
 223:Drivers/STM32G4xx_HAL_Driver/Src/stm32g4xx_hal_dma.c ****   hdma->DMAmuxChannelStatus->CFR = hdma->DMAmuxChannelStatusMask;
 224:Drivers/STM32G4xx_HAL_Driver/Src/stm32g4xx_hal_dma.c **** 
 225:Drivers/STM32G4xx_HAL_Driver/Src/stm32g4xx_hal_dma.c ****   if (((hdma->Init.Request >  0U) && (hdma->Init.Request <= DMA_REQUEST_GENERATOR3)))
 226:Drivers/STM32G4xx_HAL_Driver/Src/stm32g4xx_hal_dma.c ****   {
 227:Drivers/STM32G4xx_HAL_Driver/Src/stm32g4xx_hal_dma.c ****     /* Initialize parameters for DMAMUX request generator :
 228:Drivers/STM32G4xx_HAL_Driver/Src/stm32g4xx_hal_dma.c ****        DMAmuxRequestGen, DMAmuxRequestGenStatus and DMAmuxRequestGenStatusMask
 229:Drivers/STM32G4xx_HAL_Driver/Src/stm32g4xx_hal_dma.c ****     */
 230:Drivers/STM32G4xx_HAL_Driver/Src/stm32g4xx_hal_dma.c ****     DMA_CalcDMAMUXRequestGenBaseAndMask(hdma);
 231:Drivers/STM32G4xx_HAL_Driver/Src/stm32g4xx_hal_dma.c **** 
 232:Drivers/STM32G4xx_HAL_Driver/Src/stm32g4xx_hal_dma.c ****     /* Reset the DMAMUX request generator register*/
 233:Drivers/STM32G4xx_HAL_Driver/Src/stm32g4xx_hal_dma.c ****     hdma->DMAmuxRequestGen->RGCR = 0U;
 234:Drivers/STM32G4xx_HAL_Driver/Src/stm32g4xx_hal_dma.c **** 
 235:Drivers/STM32G4xx_HAL_Driver/Src/stm32g4xx_hal_dma.c ****     /* Clear the DMAMUX request generator overrun flag */
 236:Drivers/STM32G4xx_HAL_Driver/Src/stm32g4xx_hal_dma.c ****     hdma->DMAmuxRequestGenStatus->RGCFR = hdma->DMAmuxRequestGenStatusMask;
 237:Drivers/STM32G4xx_HAL_Driver/Src/stm32g4xx_hal_dma.c ****   }
 238:Drivers/STM32G4xx_HAL_Driver/Src/stm32g4xx_hal_dma.c ****   else
 239:Drivers/STM32G4xx_HAL_Driver/Src/stm32g4xx_hal_dma.c ****   {
 240:Drivers/STM32G4xx_HAL_Driver/Src/stm32g4xx_hal_dma.c ****     hdma->DMAmuxRequestGen = 0U;
 241:Drivers/STM32G4xx_HAL_Driver/Src/stm32g4xx_hal_dma.c ****     hdma->DMAmuxRequestGenStatus = 0U;
 242:Drivers/STM32G4xx_HAL_Driver/Src/stm32g4xx_hal_dma.c ****     hdma->DMAmuxRequestGenStatusMask = 0U;
 243:Drivers/STM32G4xx_HAL_Driver/Src/stm32g4xx_hal_dma.c ****   }
 244:Drivers/STM32G4xx_HAL_Driver/Src/stm32g4xx_hal_dma.c **** 
 245:Drivers/STM32G4xx_HAL_Driver/Src/stm32g4xx_hal_dma.c ****   /* Initialize the error code */
 246:Drivers/STM32G4xx_HAL_Driver/Src/stm32g4xx_hal_dma.c ****   hdma->ErrorCode = HAL_DMA_ERROR_NONE;
 247:Drivers/STM32G4xx_HAL_Driver/Src/stm32g4xx_hal_dma.c **** 
 248:Drivers/STM32G4xx_HAL_Driver/Src/stm32g4xx_hal_dma.c ****   /* Initialize the DMA state*/
 249:Drivers/STM32G4xx_HAL_Driver/Src/stm32g4xx_hal_dma.c ****   hdma->State  = HAL_DMA_STATE_READY;
 250:Drivers/STM32G4xx_HAL_Driver/Src/stm32g4xx_hal_dma.c **** 
 251:Drivers/STM32G4xx_HAL_Driver/Src/stm32g4xx_hal_dma.c ****   /* Allocate lock resource and initialize it */
 252:Drivers/STM32G4xx_HAL_Driver/Src/stm32g4xx_hal_dma.c ****   hdma->Lock = HAL_UNLOCKED;
 253:Drivers/STM32G4xx_HAL_Driver/Src/stm32g4xx_hal_dma.c **** 
 254:Drivers/STM32G4xx_HAL_Driver/Src/stm32g4xx_hal_dma.c ****   return HAL_OK;
 255:Drivers/STM32G4xx_HAL_Driver/Src/stm32g4xx_hal_dma.c **** }
 256:Drivers/STM32G4xx_HAL_Driver/Src/stm32g4xx_hal_dma.c **** 
 257:Drivers/STM32G4xx_HAL_Driver/Src/stm32g4xx_hal_dma.c **** /**
 258:Drivers/STM32G4xx_HAL_Driver/Src/stm32g4xx_hal_dma.c ****   * @brief  DeInitialize the DMA peripheral.
ARM GAS  /tmp/ccE3qxy9.s 			page 6


 259:Drivers/STM32G4xx_HAL_Driver/Src/stm32g4xx_hal_dma.c ****   * @param  hdma pointer to a DMA_HandleTypeDef structure that contains
 260:Drivers/STM32G4xx_HAL_Driver/Src/stm32g4xx_hal_dma.c ****   *               the configuration information for the specified DMA Channel.
 261:Drivers/STM32G4xx_HAL_Driver/Src/stm32g4xx_hal_dma.c ****   * @retval HAL status
 262:Drivers/STM32G4xx_HAL_Driver/Src/stm32g4xx_hal_dma.c ****   */
 263:Drivers/STM32G4xx_HAL_Driver/Src/stm32g4xx_hal_dma.c **** HAL_StatusTypeDef HAL_DMA_DeInit(DMA_HandleTypeDef *hdma)
 264:Drivers/STM32G4xx_HAL_Driver/Src/stm32g4xx_hal_dma.c **** {
 265:Drivers/STM32G4xx_HAL_Driver/Src/stm32g4xx_hal_dma.c **** 
 266:Drivers/STM32G4xx_HAL_Driver/Src/stm32g4xx_hal_dma.c ****   /* Check the DMA handle allocation */
 267:Drivers/STM32G4xx_HAL_Driver/Src/stm32g4xx_hal_dma.c ****   if (NULL == hdma)
 268:Drivers/STM32G4xx_HAL_Driver/Src/stm32g4xx_hal_dma.c ****   {
 269:Drivers/STM32G4xx_HAL_Driver/Src/stm32g4xx_hal_dma.c ****     return HAL_ERROR;
 270:Drivers/STM32G4xx_HAL_Driver/Src/stm32g4xx_hal_dma.c ****   }
 271:Drivers/STM32G4xx_HAL_Driver/Src/stm32g4xx_hal_dma.c **** 
 272:Drivers/STM32G4xx_HAL_Driver/Src/stm32g4xx_hal_dma.c ****   /* Check the parameters */
 273:Drivers/STM32G4xx_HAL_Driver/Src/stm32g4xx_hal_dma.c ****   assert_param(IS_DMA_ALL_INSTANCE(hdma->Instance));
 274:Drivers/STM32G4xx_HAL_Driver/Src/stm32g4xx_hal_dma.c **** 
 275:Drivers/STM32G4xx_HAL_Driver/Src/stm32g4xx_hal_dma.c ****   /* Disable the selected DMA Channelx */
 276:Drivers/STM32G4xx_HAL_Driver/Src/stm32g4xx_hal_dma.c ****   __HAL_DMA_DISABLE(hdma);
 277:Drivers/STM32G4xx_HAL_Driver/Src/stm32g4xx_hal_dma.c **** 
 278:Drivers/STM32G4xx_HAL_Driver/Src/stm32g4xx_hal_dma.c ****   /* Compute the channel index */
 279:Drivers/STM32G4xx_HAL_Driver/Src/stm32g4xx_hal_dma.c ****   if ((uint32_t)(hdma->Instance) < (uint32_t)(DMA2_Channel1))
 280:Drivers/STM32G4xx_HAL_Driver/Src/stm32g4xx_hal_dma.c ****   {
 281:Drivers/STM32G4xx_HAL_Driver/Src/stm32g4xx_hal_dma.c ****     /* DMA1 */
 282:Drivers/STM32G4xx_HAL_Driver/Src/stm32g4xx_hal_dma.c ****     hdma->ChannelIndex = (((uint32_t)hdma->Instance - (uint32_t)DMA1_Channel1) / ((uint32_t)DMA1_Ch
 283:Drivers/STM32G4xx_HAL_Driver/Src/stm32g4xx_hal_dma.c ****     hdma->DmaBaseAddress = DMA1;
 284:Drivers/STM32G4xx_HAL_Driver/Src/stm32g4xx_hal_dma.c ****   }
 285:Drivers/STM32G4xx_HAL_Driver/Src/stm32g4xx_hal_dma.c ****   else
 286:Drivers/STM32G4xx_HAL_Driver/Src/stm32g4xx_hal_dma.c ****   {
 287:Drivers/STM32G4xx_HAL_Driver/Src/stm32g4xx_hal_dma.c ****     /* DMA2 */
 288:Drivers/STM32G4xx_HAL_Driver/Src/stm32g4xx_hal_dma.c ****     hdma->ChannelIndex = (((uint32_t)hdma->Instance - (uint32_t)DMA2_Channel1) / ((uint32_t)DMA2_Ch
 289:Drivers/STM32G4xx_HAL_Driver/Src/stm32g4xx_hal_dma.c ****     hdma->DmaBaseAddress = DMA2;
 290:Drivers/STM32G4xx_HAL_Driver/Src/stm32g4xx_hal_dma.c ****   }
 291:Drivers/STM32G4xx_HAL_Driver/Src/stm32g4xx_hal_dma.c **** 
 292:Drivers/STM32G4xx_HAL_Driver/Src/stm32g4xx_hal_dma.c ****   /* Reset DMA Channel control register */
 293:Drivers/STM32G4xx_HAL_Driver/Src/stm32g4xx_hal_dma.c ****   hdma->Instance->CCR  = 0;
 294:Drivers/STM32G4xx_HAL_Driver/Src/stm32g4xx_hal_dma.c **** 
 295:Drivers/STM32G4xx_HAL_Driver/Src/stm32g4xx_hal_dma.c ****   /* Clear all flags */
 296:Drivers/STM32G4xx_HAL_Driver/Src/stm32g4xx_hal_dma.c ****   hdma->DmaBaseAddress->IFCR = (DMA_ISR_GIF1 << (hdma->ChannelIndex & 0x1FU));
 297:Drivers/STM32G4xx_HAL_Driver/Src/stm32g4xx_hal_dma.c **** 
 298:Drivers/STM32G4xx_HAL_Driver/Src/stm32g4xx_hal_dma.c ****   /* Initialize parameters for DMAMUX channel :
 299:Drivers/STM32G4xx_HAL_Driver/Src/stm32g4xx_hal_dma.c ****      DMAmuxChannel, DMAmuxChannelStatus and DMAmuxChannelStatusMask */
 300:Drivers/STM32G4xx_HAL_Driver/Src/stm32g4xx_hal_dma.c **** 
 301:Drivers/STM32G4xx_HAL_Driver/Src/stm32g4xx_hal_dma.c ****   DMA_CalcDMAMUXChannelBaseAndMask(hdma);
 302:Drivers/STM32G4xx_HAL_Driver/Src/stm32g4xx_hal_dma.c **** 
 303:Drivers/STM32G4xx_HAL_Driver/Src/stm32g4xx_hal_dma.c ****   /* Reset the DMAMUX channel that corresponds to the DMA channel */
 304:Drivers/STM32G4xx_HAL_Driver/Src/stm32g4xx_hal_dma.c ****   hdma->DMAmuxChannel->CCR = 0;
 305:Drivers/STM32G4xx_HAL_Driver/Src/stm32g4xx_hal_dma.c **** 
 306:Drivers/STM32G4xx_HAL_Driver/Src/stm32g4xx_hal_dma.c ****   /* Clear the DMAMUX synchro overrun flag */
 307:Drivers/STM32G4xx_HAL_Driver/Src/stm32g4xx_hal_dma.c ****   hdma->DMAmuxChannelStatus->CFR = hdma->DMAmuxChannelStatusMask;
 308:Drivers/STM32G4xx_HAL_Driver/Src/stm32g4xx_hal_dma.c **** 
 309:Drivers/STM32G4xx_HAL_Driver/Src/stm32g4xx_hal_dma.c ****   /* Reset Request generator parameters if any */
 310:Drivers/STM32G4xx_HAL_Driver/Src/stm32g4xx_hal_dma.c ****   if (((hdma->Init.Request >  0U) && (hdma->Init.Request <= DMA_REQUEST_GENERATOR3)))
 311:Drivers/STM32G4xx_HAL_Driver/Src/stm32g4xx_hal_dma.c ****   {
 312:Drivers/STM32G4xx_HAL_Driver/Src/stm32g4xx_hal_dma.c ****     /* Initialize parameters for DMAMUX request generator :
 313:Drivers/STM32G4xx_HAL_Driver/Src/stm32g4xx_hal_dma.c ****        DMAmuxRequestGen, DMAmuxRequestGenStatus and DMAmuxRequestGenStatusMask
 314:Drivers/STM32G4xx_HAL_Driver/Src/stm32g4xx_hal_dma.c ****     */
 315:Drivers/STM32G4xx_HAL_Driver/Src/stm32g4xx_hal_dma.c ****     DMA_CalcDMAMUXRequestGenBaseAndMask(hdma);
ARM GAS  /tmp/ccE3qxy9.s 			page 7


 316:Drivers/STM32G4xx_HAL_Driver/Src/stm32g4xx_hal_dma.c **** 
 317:Drivers/STM32G4xx_HAL_Driver/Src/stm32g4xx_hal_dma.c ****     /* Reset the DMAMUX request generator register*/
 318:Drivers/STM32G4xx_HAL_Driver/Src/stm32g4xx_hal_dma.c ****     hdma->DMAmuxRequestGen->RGCR = 0U;
 319:Drivers/STM32G4xx_HAL_Driver/Src/stm32g4xx_hal_dma.c **** 
 320:Drivers/STM32G4xx_HAL_Driver/Src/stm32g4xx_hal_dma.c ****     /* Clear the DMAMUX request generator overrun flag */
 321:Drivers/STM32G4xx_HAL_Driver/Src/stm32g4xx_hal_dma.c ****     hdma->DMAmuxRequestGenStatus->RGCFR = hdma->DMAmuxRequestGenStatusMask;
 322:Drivers/STM32G4xx_HAL_Driver/Src/stm32g4xx_hal_dma.c ****   }
 323:Drivers/STM32G4xx_HAL_Driver/Src/stm32g4xx_hal_dma.c **** 
 324:Drivers/STM32G4xx_HAL_Driver/Src/stm32g4xx_hal_dma.c ****   hdma->DMAmuxRequestGen = 0U;
 325:Drivers/STM32G4xx_HAL_Driver/Src/stm32g4xx_hal_dma.c ****   hdma->DMAmuxRequestGenStatus = 0U;
 326:Drivers/STM32G4xx_HAL_Driver/Src/stm32g4xx_hal_dma.c ****   hdma->DMAmuxRequestGenStatusMask = 0U;
 327:Drivers/STM32G4xx_HAL_Driver/Src/stm32g4xx_hal_dma.c **** 
 328:Drivers/STM32G4xx_HAL_Driver/Src/stm32g4xx_hal_dma.c ****   /* Clean callbacks */
 329:Drivers/STM32G4xx_HAL_Driver/Src/stm32g4xx_hal_dma.c ****   hdma->XferCpltCallback = NULL;
 330:Drivers/STM32G4xx_HAL_Driver/Src/stm32g4xx_hal_dma.c ****   hdma->XferHalfCpltCallback = NULL;
 331:Drivers/STM32G4xx_HAL_Driver/Src/stm32g4xx_hal_dma.c ****   hdma->XferErrorCallback = NULL;
 332:Drivers/STM32G4xx_HAL_Driver/Src/stm32g4xx_hal_dma.c ****   hdma->XferAbortCallback = NULL;
 333:Drivers/STM32G4xx_HAL_Driver/Src/stm32g4xx_hal_dma.c **** 
 334:Drivers/STM32G4xx_HAL_Driver/Src/stm32g4xx_hal_dma.c ****   /* Initialize the error code */
 335:Drivers/STM32G4xx_HAL_Driver/Src/stm32g4xx_hal_dma.c ****   hdma->ErrorCode = HAL_DMA_ERROR_NONE;
 336:Drivers/STM32G4xx_HAL_Driver/Src/stm32g4xx_hal_dma.c **** 
 337:Drivers/STM32G4xx_HAL_Driver/Src/stm32g4xx_hal_dma.c ****   /* Initialize the DMA state */
 338:Drivers/STM32G4xx_HAL_Driver/Src/stm32g4xx_hal_dma.c ****   hdma->State = HAL_DMA_STATE_RESET;
 339:Drivers/STM32G4xx_HAL_Driver/Src/stm32g4xx_hal_dma.c **** 
 340:Drivers/STM32G4xx_HAL_Driver/Src/stm32g4xx_hal_dma.c ****   /* Release Lock */
 341:Drivers/STM32G4xx_HAL_Driver/Src/stm32g4xx_hal_dma.c ****   __HAL_UNLOCK(hdma);
 342:Drivers/STM32G4xx_HAL_Driver/Src/stm32g4xx_hal_dma.c **** 
 343:Drivers/STM32G4xx_HAL_Driver/Src/stm32g4xx_hal_dma.c ****   return HAL_OK;
 344:Drivers/STM32G4xx_HAL_Driver/Src/stm32g4xx_hal_dma.c **** }
 345:Drivers/STM32G4xx_HAL_Driver/Src/stm32g4xx_hal_dma.c **** 
 346:Drivers/STM32G4xx_HAL_Driver/Src/stm32g4xx_hal_dma.c **** /**
 347:Drivers/STM32G4xx_HAL_Driver/Src/stm32g4xx_hal_dma.c ****   * @}
 348:Drivers/STM32G4xx_HAL_Driver/Src/stm32g4xx_hal_dma.c ****   */
 349:Drivers/STM32G4xx_HAL_Driver/Src/stm32g4xx_hal_dma.c **** 
 350:Drivers/STM32G4xx_HAL_Driver/Src/stm32g4xx_hal_dma.c **** /** @defgroup DMA_Exported_Functions_Group2 Input and Output operation functions
 351:Drivers/STM32G4xx_HAL_Driver/Src/stm32g4xx_hal_dma.c ****   *  @brief   Input and Output operation functions
 352:Drivers/STM32G4xx_HAL_Driver/Src/stm32g4xx_hal_dma.c ****   *
 353:Drivers/STM32G4xx_HAL_Driver/Src/stm32g4xx_hal_dma.c **** @verbatim
 354:Drivers/STM32G4xx_HAL_Driver/Src/stm32g4xx_hal_dma.c ****  ===============================================================================
 355:Drivers/STM32G4xx_HAL_Driver/Src/stm32g4xx_hal_dma.c ****                       #####  IO operation functions  #####
 356:Drivers/STM32G4xx_HAL_Driver/Src/stm32g4xx_hal_dma.c ****  ===============================================================================
 357:Drivers/STM32G4xx_HAL_Driver/Src/stm32g4xx_hal_dma.c ****     [..]  This section provides functions allowing to:
 358:Drivers/STM32G4xx_HAL_Driver/Src/stm32g4xx_hal_dma.c ****       (+) Configure the source, destination address and data length and Start DMA transfer
 359:Drivers/STM32G4xx_HAL_Driver/Src/stm32g4xx_hal_dma.c ****       (+) Configure the source, destination address and data length and
 360:Drivers/STM32G4xx_HAL_Driver/Src/stm32g4xx_hal_dma.c ****           Start DMA transfer with interrupt
 361:Drivers/STM32G4xx_HAL_Driver/Src/stm32g4xx_hal_dma.c ****       (+) Abort DMA transfer
 362:Drivers/STM32G4xx_HAL_Driver/Src/stm32g4xx_hal_dma.c ****       (+) Poll for transfer complete
 363:Drivers/STM32G4xx_HAL_Driver/Src/stm32g4xx_hal_dma.c ****       (+) Handle DMA interrupt request
 364:Drivers/STM32G4xx_HAL_Driver/Src/stm32g4xx_hal_dma.c **** 
 365:Drivers/STM32G4xx_HAL_Driver/Src/stm32g4xx_hal_dma.c **** @endverbatim
 366:Drivers/STM32G4xx_HAL_Driver/Src/stm32g4xx_hal_dma.c ****   * @{
 367:Drivers/STM32G4xx_HAL_Driver/Src/stm32g4xx_hal_dma.c ****   */
 368:Drivers/STM32G4xx_HAL_Driver/Src/stm32g4xx_hal_dma.c **** 
 369:Drivers/STM32G4xx_HAL_Driver/Src/stm32g4xx_hal_dma.c **** /**
 370:Drivers/STM32G4xx_HAL_Driver/Src/stm32g4xx_hal_dma.c ****   * @brief  Start the DMA Transfer.
 371:Drivers/STM32G4xx_HAL_Driver/Src/stm32g4xx_hal_dma.c ****   * @param  hdma pointer to a DMA_HandleTypeDef structure that contains
 372:Drivers/STM32G4xx_HAL_Driver/Src/stm32g4xx_hal_dma.c ****   *               the configuration information for the specified DMA Channel.
ARM GAS  /tmp/ccE3qxy9.s 			page 8


 373:Drivers/STM32G4xx_HAL_Driver/Src/stm32g4xx_hal_dma.c ****   * @param  SrcAddress The source memory Buffer address
 374:Drivers/STM32G4xx_HAL_Driver/Src/stm32g4xx_hal_dma.c ****   * @param  DstAddress The destination memory Buffer address
 375:Drivers/STM32G4xx_HAL_Driver/Src/stm32g4xx_hal_dma.c ****   * @param  DataLength The length of data to be transferred from source to destination (up to 256Kb
 376:Drivers/STM32G4xx_HAL_Driver/Src/stm32g4xx_hal_dma.c ****   * @retval HAL status
 377:Drivers/STM32G4xx_HAL_Driver/Src/stm32g4xx_hal_dma.c ****   */
 378:Drivers/STM32G4xx_HAL_Driver/Src/stm32g4xx_hal_dma.c **** HAL_StatusTypeDef HAL_DMA_Start(DMA_HandleTypeDef *hdma, uint32_t SrcAddress, uint32_t DstAddress, 
 379:Drivers/STM32G4xx_HAL_Driver/Src/stm32g4xx_hal_dma.c **** {
 380:Drivers/STM32G4xx_HAL_Driver/Src/stm32g4xx_hal_dma.c ****   HAL_StatusTypeDef status = HAL_OK;
 381:Drivers/STM32G4xx_HAL_Driver/Src/stm32g4xx_hal_dma.c **** 
 382:Drivers/STM32G4xx_HAL_Driver/Src/stm32g4xx_hal_dma.c ****   /* Check the parameters */
 383:Drivers/STM32G4xx_HAL_Driver/Src/stm32g4xx_hal_dma.c ****   assert_param(IS_DMA_BUFFER_SIZE(DataLength));
 384:Drivers/STM32G4xx_HAL_Driver/Src/stm32g4xx_hal_dma.c **** 
 385:Drivers/STM32G4xx_HAL_Driver/Src/stm32g4xx_hal_dma.c ****   /* Process locked */
 386:Drivers/STM32G4xx_HAL_Driver/Src/stm32g4xx_hal_dma.c ****   __HAL_LOCK(hdma);
 387:Drivers/STM32G4xx_HAL_Driver/Src/stm32g4xx_hal_dma.c **** 
 388:Drivers/STM32G4xx_HAL_Driver/Src/stm32g4xx_hal_dma.c ****   if (HAL_DMA_STATE_READY == hdma->State)
 389:Drivers/STM32G4xx_HAL_Driver/Src/stm32g4xx_hal_dma.c ****   {
 390:Drivers/STM32G4xx_HAL_Driver/Src/stm32g4xx_hal_dma.c ****     /* Change DMA peripheral state */
 391:Drivers/STM32G4xx_HAL_Driver/Src/stm32g4xx_hal_dma.c ****     hdma->State = HAL_DMA_STATE_BUSY;
 392:Drivers/STM32G4xx_HAL_Driver/Src/stm32g4xx_hal_dma.c ****     hdma->ErrorCode = HAL_DMA_ERROR_NONE;
 393:Drivers/STM32G4xx_HAL_Driver/Src/stm32g4xx_hal_dma.c **** 
 394:Drivers/STM32G4xx_HAL_Driver/Src/stm32g4xx_hal_dma.c ****     /* Disable the peripheral */
 395:Drivers/STM32G4xx_HAL_Driver/Src/stm32g4xx_hal_dma.c ****     __HAL_DMA_DISABLE(hdma);
 396:Drivers/STM32G4xx_HAL_Driver/Src/stm32g4xx_hal_dma.c **** 
 397:Drivers/STM32G4xx_HAL_Driver/Src/stm32g4xx_hal_dma.c ****     /* Configure the source, destination address and the data length & clear flags*/
 398:Drivers/STM32G4xx_HAL_Driver/Src/stm32g4xx_hal_dma.c ****     DMA_SetConfig(hdma, SrcAddress, DstAddress, DataLength);
 399:Drivers/STM32G4xx_HAL_Driver/Src/stm32g4xx_hal_dma.c **** 
 400:Drivers/STM32G4xx_HAL_Driver/Src/stm32g4xx_hal_dma.c ****     /* Enable the Peripheral */
 401:Drivers/STM32G4xx_HAL_Driver/Src/stm32g4xx_hal_dma.c ****     __HAL_DMA_ENABLE(hdma);
 402:Drivers/STM32G4xx_HAL_Driver/Src/stm32g4xx_hal_dma.c ****   }
 403:Drivers/STM32G4xx_HAL_Driver/Src/stm32g4xx_hal_dma.c ****   else
 404:Drivers/STM32G4xx_HAL_Driver/Src/stm32g4xx_hal_dma.c ****   {
 405:Drivers/STM32G4xx_HAL_Driver/Src/stm32g4xx_hal_dma.c ****     /* Process Unlocked */
 406:Drivers/STM32G4xx_HAL_Driver/Src/stm32g4xx_hal_dma.c ****     __HAL_UNLOCK(hdma);
 407:Drivers/STM32G4xx_HAL_Driver/Src/stm32g4xx_hal_dma.c ****     status = HAL_BUSY;
 408:Drivers/STM32G4xx_HAL_Driver/Src/stm32g4xx_hal_dma.c ****   }
 409:Drivers/STM32G4xx_HAL_Driver/Src/stm32g4xx_hal_dma.c ****   return status;
 410:Drivers/STM32G4xx_HAL_Driver/Src/stm32g4xx_hal_dma.c **** }
 411:Drivers/STM32G4xx_HAL_Driver/Src/stm32g4xx_hal_dma.c **** 
 412:Drivers/STM32G4xx_HAL_Driver/Src/stm32g4xx_hal_dma.c **** /**
 413:Drivers/STM32G4xx_HAL_Driver/Src/stm32g4xx_hal_dma.c ****   * @brief  Start the DMA Transfer with interrupt enabled.
 414:Drivers/STM32G4xx_HAL_Driver/Src/stm32g4xx_hal_dma.c ****   * @param  hdma pointer to a DMA_HandleTypeDef structure that contains
 415:Drivers/STM32G4xx_HAL_Driver/Src/stm32g4xx_hal_dma.c ****   *               the configuration information for the specified DMA Channel.
 416:Drivers/STM32G4xx_HAL_Driver/Src/stm32g4xx_hal_dma.c ****   * @param  SrcAddress The source memory Buffer address
 417:Drivers/STM32G4xx_HAL_Driver/Src/stm32g4xx_hal_dma.c ****   * @param  DstAddress The destination memory Buffer address
 418:Drivers/STM32G4xx_HAL_Driver/Src/stm32g4xx_hal_dma.c ****   * @param  DataLength The length of data to be transferred from source to destination (up to 256Kb
 419:Drivers/STM32G4xx_HAL_Driver/Src/stm32g4xx_hal_dma.c ****   * @retval HAL status
 420:Drivers/STM32G4xx_HAL_Driver/Src/stm32g4xx_hal_dma.c ****   */
 421:Drivers/STM32G4xx_HAL_Driver/Src/stm32g4xx_hal_dma.c **** HAL_StatusTypeDef HAL_DMA_Start_IT(DMA_HandleTypeDef *hdma, uint32_t SrcAddress, uint32_t DstAddres
 422:Drivers/STM32G4xx_HAL_Driver/Src/stm32g4xx_hal_dma.c ****                                    uint32_t DataLength)
 423:Drivers/STM32G4xx_HAL_Driver/Src/stm32g4xx_hal_dma.c **** {
 424:Drivers/STM32G4xx_HAL_Driver/Src/stm32g4xx_hal_dma.c ****   HAL_StatusTypeDef status = HAL_OK;
 425:Drivers/STM32G4xx_HAL_Driver/Src/stm32g4xx_hal_dma.c **** 
 426:Drivers/STM32G4xx_HAL_Driver/Src/stm32g4xx_hal_dma.c ****   /* Check the parameters */
 427:Drivers/STM32G4xx_HAL_Driver/Src/stm32g4xx_hal_dma.c ****   assert_param(IS_DMA_BUFFER_SIZE(DataLength));
 428:Drivers/STM32G4xx_HAL_Driver/Src/stm32g4xx_hal_dma.c **** 
 429:Drivers/STM32G4xx_HAL_Driver/Src/stm32g4xx_hal_dma.c ****   /* Process locked */
ARM GAS  /tmp/ccE3qxy9.s 			page 9


 430:Drivers/STM32G4xx_HAL_Driver/Src/stm32g4xx_hal_dma.c ****   __HAL_LOCK(hdma);
 431:Drivers/STM32G4xx_HAL_Driver/Src/stm32g4xx_hal_dma.c **** 
 432:Drivers/STM32G4xx_HAL_Driver/Src/stm32g4xx_hal_dma.c ****   if (HAL_DMA_STATE_READY == hdma->State)
 433:Drivers/STM32G4xx_HAL_Driver/Src/stm32g4xx_hal_dma.c ****   {
 434:Drivers/STM32G4xx_HAL_Driver/Src/stm32g4xx_hal_dma.c ****     /* Change DMA peripheral state */
 435:Drivers/STM32G4xx_HAL_Driver/Src/stm32g4xx_hal_dma.c ****     hdma->State = HAL_DMA_STATE_BUSY;
 436:Drivers/STM32G4xx_HAL_Driver/Src/stm32g4xx_hal_dma.c ****     hdma->ErrorCode = HAL_DMA_ERROR_NONE;
 437:Drivers/STM32G4xx_HAL_Driver/Src/stm32g4xx_hal_dma.c **** 
 438:Drivers/STM32G4xx_HAL_Driver/Src/stm32g4xx_hal_dma.c ****     /* Disable the peripheral */
 439:Drivers/STM32G4xx_HAL_Driver/Src/stm32g4xx_hal_dma.c ****     __HAL_DMA_DISABLE(hdma);
 440:Drivers/STM32G4xx_HAL_Driver/Src/stm32g4xx_hal_dma.c **** 
 441:Drivers/STM32G4xx_HAL_Driver/Src/stm32g4xx_hal_dma.c ****     /* Configure the source, destination address and the data length & clear flags*/
 442:Drivers/STM32G4xx_HAL_Driver/Src/stm32g4xx_hal_dma.c ****     DMA_SetConfig(hdma, SrcAddress, DstAddress, DataLength);
 443:Drivers/STM32G4xx_HAL_Driver/Src/stm32g4xx_hal_dma.c **** 
 444:Drivers/STM32G4xx_HAL_Driver/Src/stm32g4xx_hal_dma.c ****     /* Enable the transfer complete interrupt */
 445:Drivers/STM32G4xx_HAL_Driver/Src/stm32g4xx_hal_dma.c ****     /* Enable the transfer Error interrupt */
 446:Drivers/STM32G4xx_HAL_Driver/Src/stm32g4xx_hal_dma.c ****     if (NULL != hdma->XferHalfCpltCallback)
 447:Drivers/STM32G4xx_HAL_Driver/Src/stm32g4xx_hal_dma.c ****     {
 448:Drivers/STM32G4xx_HAL_Driver/Src/stm32g4xx_hal_dma.c ****       /* Enable the Half transfer complete interrupt as well */
 449:Drivers/STM32G4xx_HAL_Driver/Src/stm32g4xx_hal_dma.c ****       __HAL_DMA_ENABLE_IT(hdma, (DMA_IT_TC | DMA_IT_HT | DMA_IT_TE));
 450:Drivers/STM32G4xx_HAL_Driver/Src/stm32g4xx_hal_dma.c ****     }
 451:Drivers/STM32G4xx_HAL_Driver/Src/stm32g4xx_hal_dma.c ****     else
 452:Drivers/STM32G4xx_HAL_Driver/Src/stm32g4xx_hal_dma.c ****     {
 453:Drivers/STM32G4xx_HAL_Driver/Src/stm32g4xx_hal_dma.c ****       __HAL_DMA_DISABLE_IT(hdma, DMA_IT_HT);
 454:Drivers/STM32G4xx_HAL_Driver/Src/stm32g4xx_hal_dma.c ****       __HAL_DMA_ENABLE_IT(hdma, (DMA_IT_TC | DMA_IT_TE));
 455:Drivers/STM32G4xx_HAL_Driver/Src/stm32g4xx_hal_dma.c ****     }
 456:Drivers/STM32G4xx_HAL_Driver/Src/stm32g4xx_hal_dma.c **** 
 457:Drivers/STM32G4xx_HAL_Driver/Src/stm32g4xx_hal_dma.c ****     /* Check if DMAMUX Synchronization is enabled*/
 458:Drivers/STM32G4xx_HAL_Driver/Src/stm32g4xx_hal_dma.c ****     if ((hdma->DMAmuxChannel->CCR & DMAMUX_CxCR_SE) != 0U)
 459:Drivers/STM32G4xx_HAL_Driver/Src/stm32g4xx_hal_dma.c ****     {
 460:Drivers/STM32G4xx_HAL_Driver/Src/stm32g4xx_hal_dma.c ****       /* Enable DMAMUX sync overrun IT*/
 461:Drivers/STM32G4xx_HAL_Driver/Src/stm32g4xx_hal_dma.c ****       hdma->DMAmuxChannel->CCR |= DMAMUX_CxCR_SOIE;
 462:Drivers/STM32G4xx_HAL_Driver/Src/stm32g4xx_hal_dma.c ****     }
 463:Drivers/STM32G4xx_HAL_Driver/Src/stm32g4xx_hal_dma.c **** 
 464:Drivers/STM32G4xx_HAL_Driver/Src/stm32g4xx_hal_dma.c ****     if (hdma->DMAmuxRequestGen != 0U)
 465:Drivers/STM32G4xx_HAL_Driver/Src/stm32g4xx_hal_dma.c ****     {
 466:Drivers/STM32G4xx_HAL_Driver/Src/stm32g4xx_hal_dma.c ****       /* if using DMAMUX request generator, enable the DMAMUX request generator overrun IT*/
 467:Drivers/STM32G4xx_HAL_Driver/Src/stm32g4xx_hal_dma.c ****       /* enable the request gen overrun IT*/
 468:Drivers/STM32G4xx_HAL_Driver/Src/stm32g4xx_hal_dma.c ****       hdma->DMAmuxRequestGen->RGCR |= DMAMUX_RGxCR_OIE;
 469:Drivers/STM32G4xx_HAL_Driver/Src/stm32g4xx_hal_dma.c ****     }
 470:Drivers/STM32G4xx_HAL_Driver/Src/stm32g4xx_hal_dma.c **** 
 471:Drivers/STM32G4xx_HAL_Driver/Src/stm32g4xx_hal_dma.c ****     /* Enable the Peripheral */
 472:Drivers/STM32G4xx_HAL_Driver/Src/stm32g4xx_hal_dma.c ****     __HAL_DMA_ENABLE(hdma);
 473:Drivers/STM32G4xx_HAL_Driver/Src/stm32g4xx_hal_dma.c ****   }
 474:Drivers/STM32G4xx_HAL_Driver/Src/stm32g4xx_hal_dma.c ****   else
 475:Drivers/STM32G4xx_HAL_Driver/Src/stm32g4xx_hal_dma.c ****   {
 476:Drivers/STM32G4xx_HAL_Driver/Src/stm32g4xx_hal_dma.c ****     /* Process Unlocked */
 477:Drivers/STM32G4xx_HAL_Driver/Src/stm32g4xx_hal_dma.c ****     __HAL_UNLOCK(hdma);
 478:Drivers/STM32G4xx_HAL_Driver/Src/stm32g4xx_hal_dma.c **** 
 479:Drivers/STM32G4xx_HAL_Driver/Src/stm32g4xx_hal_dma.c ****     /* Remain BUSY */
 480:Drivers/STM32G4xx_HAL_Driver/Src/stm32g4xx_hal_dma.c ****     status = HAL_BUSY;
 481:Drivers/STM32G4xx_HAL_Driver/Src/stm32g4xx_hal_dma.c ****   }
 482:Drivers/STM32G4xx_HAL_Driver/Src/stm32g4xx_hal_dma.c ****   return status;
 483:Drivers/STM32G4xx_HAL_Driver/Src/stm32g4xx_hal_dma.c **** }
 484:Drivers/STM32G4xx_HAL_Driver/Src/stm32g4xx_hal_dma.c **** 
 485:Drivers/STM32G4xx_HAL_Driver/Src/stm32g4xx_hal_dma.c **** /**
 486:Drivers/STM32G4xx_HAL_Driver/Src/stm32g4xx_hal_dma.c ****   * @brief  Abort the DMA Transfer.
ARM GAS  /tmp/ccE3qxy9.s 			page 10


 487:Drivers/STM32G4xx_HAL_Driver/Src/stm32g4xx_hal_dma.c ****   * @param  hdma pointer to a DMA_HandleTypeDef structure that contains
 488:Drivers/STM32G4xx_HAL_Driver/Src/stm32g4xx_hal_dma.c ****   *               the configuration information for the specified DMA Channel.
 489:Drivers/STM32G4xx_HAL_Driver/Src/stm32g4xx_hal_dma.c ****     * @retval HAL status
 490:Drivers/STM32G4xx_HAL_Driver/Src/stm32g4xx_hal_dma.c ****   */
 491:Drivers/STM32G4xx_HAL_Driver/Src/stm32g4xx_hal_dma.c **** HAL_StatusTypeDef HAL_DMA_Abort(DMA_HandleTypeDef *hdma)
 492:Drivers/STM32G4xx_HAL_Driver/Src/stm32g4xx_hal_dma.c **** {
 493:Drivers/STM32G4xx_HAL_Driver/Src/stm32g4xx_hal_dma.c ****   HAL_StatusTypeDef status = HAL_OK;
 494:Drivers/STM32G4xx_HAL_Driver/Src/stm32g4xx_hal_dma.c **** 
 495:Drivers/STM32G4xx_HAL_Driver/Src/stm32g4xx_hal_dma.c ****   /* Check the DMA peripheral handle parameter */
 496:Drivers/STM32G4xx_HAL_Driver/Src/stm32g4xx_hal_dma.c ****   if (hdma == NULL)
 497:Drivers/STM32G4xx_HAL_Driver/Src/stm32g4xx_hal_dma.c ****   {
 498:Drivers/STM32G4xx_HAL_Driver/Src/stm32g4xx_hal_dma.c ****     return HAL_ERROR;
 499:Drivers/STM32G4xx_HAL_Driver/Src/stm32g4xx_hal_dma.c ****   }
 500:Drivers/STM32G4xx_HAL_Driver/Src/stm32g4xx_hal_dma.c **** 
 501:Drivers/STM32G4xx_HAL_Driver/Src/stm32g4xx_hal_dma.c ****   if (hdma->State != HAL_DMA_STATE_BUSY)
 502:Drivers/STM32G4xx_HAL_Driver/Src/stm32g4xx_hal_dma.c ****   {
 503:Drivers/STM32G4xx_HAL_Driver/Src/stm32g4xx_hal_dma.c ****     /* no transfer ongoing */
 504:Drivers/STM32G4xx_HAL_Driver/Src/stm32g4xx_hal_dma.c ****     hdma->ErrorCode = HAL_DMA_ERROR_NO_XFER;
 505:Drivers/STM32G4xx_HAL_Driver/Src/stm32g4xx_hal_dma.c **** 
 506:Drivers/STM32G4xx_HAL_Driver/Src/stm32g4xx_hal_dma.c ****     status = HAL_ERROR;
 507:Drivers/STM32G4xx_HAL_Driver/Src/stm32g4xx_hal_dma.c ****   }
 508:Drivers/STM32G4xx_HAL_Driver/Src/stm32g4xx_hal_dma.c ****   else
 509:Drivers/STM32G4xx_HAL_Driver/Src/stm32g4xx_hal_dma.c ****   {
 510:Drivers/STM32G4xx_HAL_Driver/Src/stm32g4xx_hal_dma.c ****     /* Disable the channel */
 511:Drivers/STM32G4xx_HAL_Driver/Src/stm32g4xx_hal_dma.c ****     __HAL_DMA_DISABLE(hdma);
 512:Drivers/STM32G4xx_HAL_Driver/Src/stm32g4xx_hal_dma.c **** 
 513:Drivers/STM32G4xx_HAL_Driver/Src/stm32g4xx_hal_dma.c ****     /* Disable DMA IT */
 514:Drivers/STM32G4xx_HAL_Driver/Src/stm32g4xx_hal_dma.c ****     __HAL_DMA_DISABLE_IT(hdma, (DMA_IT_TC | DMA_IT_HT | DMA_IT_TE));
 515:Drivers/STM32G4xx_HAL_Driver/Src/stm32g4xx_hal_dma.c **** 
 516:Drivers/STM32G4xx_HAL_Driver/Src/stm32g4xx_hal_dma.c ****     /* disable the DMAMUX sync overrun IT*/
 517:Drivers/STM32G4xx_HAL_Driver/Src/stm32g4xx_hal_dma.c ****     hdma->DMAmuxChannel->CCR &= ~DMAMUX_CxCR_SOIE;
 518:Drivers/STM32G4xx_HAL_Driver/Src/stm32g4xx_hal_dma.c **** 
 519:Drivers/STM32G4xx_HAL_Driver/Src/stm32g4xx_hal_dma.c ****     /* Clear all flags */
 520:Drivers/STM32G4xx_HAL_Driver/Src/stm32g4xx_hal_dma.c ****     hdma->DmaBaseAddress->IFCR = (DMA_ISR_GIF1 << (hdma->ChannelIndex & 0x1FU));
 521:Drivers/STM32G4xx_HAL_Driver/Src/stm32g4xx_hal_dma.c **** 
 522:Drivers/STM32G4xx_HAL_Driver/Src/stm32g4xx_hal_dma.c ****     /* Clear the DMAMUX synchro overrun flag */
 523:Drivers/STM32G4xx_HAL_Driver/Src/stm32g4xx_hal_dma.c ****     hdma->DMAmuxChannelStatus->CFR = hdma->DMAmuxChannelStatusMask;
 524:Drivers/STM32G4xx_HAL_Driver/Src/stm32g4xx_hal_dma.c **** 
 525:Drivers/STM32G4xx_HAL_Driver/Src/stm32g4xx_hal_dma.c ****     if (hdma->DMAmuxRequestGen != 0U)
 526:Drivers/STM32G4xx_HAL_Driver/Src/stm32g4xx_hal_dma.c ****     {
 527:Drivers/STM32G4xx_HAL_Driver/Src/stm32g4xx_hal_dma.c ****       /* if using DMAMUX request generator, disable the DMAMUX request generator overrun IT*/
 528:Drivers/STM32G4xx_HAL_Driver/Src/stm32g4xx_hal_dma.c ****       /* disable the request gen overrun IT*/
 529:Drivers/STM32G4xx_HAL_Driver/Src/stm32g4xx_hal_dma.c ****       hdma->DMAmuxRequestGen->RGCR &= ~DMAMUX_RGxCR_OIE;
 530:Drivers/STM32G4xx_HAL_Driver/Src/stm32g4xx_hal_dma.c **** 
 531:Drivers/STM32G4xx_HAL_Driver/Src/stm32g4xx_hal_dma.c ****       /* Clear the DMAMUX request generator overrun flag */
 532:Drivers/STM32G4xx_HAL_Driver/Src/stm32g4xx_hal_dma.c ****       hdma->DMAmuxRequestGenStatus->RGCFR = hdma->DMAmuxRequestGenStatusMask;
 533:Drivers/STM32G4xx_HAL_Driver/Src/stm32g4xx_hal_dma.c ****     }
 534:Drivers/STM32G4xx_HAL_Driver/Src/stm32g4xx_hal_dma.c ****   }
 535:Drivers/STM32G4xx_HAL_Driver/Src/stm32g4xx_hal_dma.c ****   /* Change the DMA state */
 536:Drivers/STM32G4xx_HAL_Driver/Src/stm32g4xx_hal_dma.c ****   hdma->State = HAL_DMA_STATE_READY;
 537:Drivers/STM32G4xx_HAL_Driver/Src/stm32g4xx_hal_dma.c **** 
 538:Drivers/STM32G4xx_HAL_Driver/Src/stm32g4xx_hal_dma.c ****   /* Process Unlocked */
 539:Drivers/STM32G4xx_HAL_Driver/Src/stm32g4xx_hal_dma.c ****   __HAL_UNLOCK(hdma);
 540:Drivers/STM32G4xx_HAL_Driver/Src/stm32g4xx_hal_dma.c **** 
 541:Drivers/STM32G4xx_HAL_Driver/Src/stm32g4xx_hal_dma.c ****   return status;
 542:Drivers/STM32G4xx_HAL_Driver/Src/stm32g4xx_hal_dma.c **** }
 543:Drivers/STM32G4xx_HAL_Driver/Src/stm32g4xx_hal_dma.c **** 
ARM GAS  /tmp/ccE3qxy9.s 			page 11


 544:Drivers/STM32G4xx_HAL_Driver/Src/stm32g4xx_hal_dma.c **** /**
 545:Drivers/STM32G4xx_HAL_Driver/Src/stm32g4xx_hal_dma.c ****   * @brief  Aborts the DMA Transfer in Interrupt mode.
 546:Drivers/STM32G4xx_HAL_Driver/Src/stm32g4xx_hal_dma.c ****   * @param  hdma pointer to a DMA_HandleTypeDef structure that contains
 547:Drivers/STM32G4xx_HAL_Driver/Src/stm32g4xx_hal_dma.c ****   *              the configuration information for the specified DMA Channel.
 548:Drivers/STM32G4xx_HAL_Driver/Src/stm32g4xx_hal_dma.c ****   * @retval HAL status
 549:Drivers/STM32G4xx_HAL_Driver/Src/stm32g4xx_hal_dma.c ****   */
 550:Drivers/STM32G4xx_HAL_Driver/Src/stm32g4xx_hal_dma.c **** HAL_StatusTypeDef HAL_DMA_Abort_IT(DMA_HandleTypeDef *hdma)
 551:Drivers/STM32G4xx_HAL_Driver/Src/stm32g4xx_hal_dma.c **** {
 552:Drivers/STM32G4xx_HAL_Driver/Src/stm32g4xx_hal_dma.c ****   HAL_StatusTypeDef status = HAL_OK;
 553:Drivers/STM32G4xx_HAL_Driver/Src/stm32g4xx_hal_dma.c **** 
 554:Drivers/STM32G4xx_HAL_Driver/Src/stm32g4xx_hal_dma.c ****   if (HAL_DMA_STATE_BUSY != hdma->State)
 555:Drivers/STM32G4xx_HAL_Driver/Src/stm32g4xx_hal_dma.c ****   {
 556:Drivers/STM32G4xx_HAL_Driver/Src/stm32g4xx_hal_dma.c ****     /* no transfer ongoing */
 557:Drivers/STM32G4xx_HAL_Driver/Src/stm32g4xx_hal_dma.c ****     hdma->ErrorCode = HAL_DMA_ERROR_NO_XFER;
 558:Drivers/STM32G4xx_HAL_Driver/Src/stm32g4xx_hal_dma.c **** 
 559:Drivers/STM32G4xx_HAL_Driver/Src/stm32g4xx_hal_dma.c ****     /* Change the DMA state */
 560:Drivers/STM32G4xx_HAL_Driver/Src/stm32g4xx_hal_dma.c ****     hdma->State = HAL_DMA_STATE_READY;
 561:Drivers/STM32G4xx_HAL_Driver/Src/stm32g4xx_hal_dma.c **** 
 562:Drivers/STM32G4xx_HAL_Driver/Src/stm32g4xx_hal_dma.c ****     /* Process Unlocked */
 563:Drivers/STM32G4xx_HAL_Driver/Src/stm32g4xx_hal_dma.c ****     __HAL_UNLOCK(hdma);
 564:Drivers/STM32G4xx_HAL_Driver/Src/stm32g4xx_hal_dma.c **** 
 565:Drivers/STM32G4xx_HAL_Driver/Src/stm32g4xx_hal_dma.c ****     status = HAL_ERROR;
 566:Drivers/STM32G4xx_HAL_Driver/Src/stm32g4xx_hal_dma.c ****   }
 567:Drivers/STM32G4xx_HAL_Driver/Src/stm32g4xx_hal_dma.c ****   else
 568:Drivers/STM32G4xx_HAL_Driver/Src/stm32g4xx_hal_dma.c ****   {
 569:Drivers/STM32G4xx_HAL_Driver/Src/stm32g4xx_hal_dma.c **** 
 570:Drivers/STM32G4xx_HAL_Driver/Src/stm32g4xx_hal_dma.c ****     /* Disable the channel */
 571:Drivers/STM32G4xx_HAL_Driver/Src/stm32g4xx_hal_dma.c ****     __HAL_DMA_DISABLE(hdma);
 572:Drivers/STM32G4xx_HAL_Driver/Src/stm32g4xx_hal_dma.c **** 
 573:Drivers/STM32G4xx_HAL_Driver/Src/stm32g4xx_hal_dma.c ****     /* Disable DMA IT */
 574:Drivers/STM32G4xx_HAL_Driver/Src/stm32g4xx_hal_dma.c ****     __HAL_DMA_DISABLE_IT(hdma, (DMA_IT_TC | DMA_IT_HT | DMA_IT_TE));
 575:Drivers/STM32G4xx_HAL_Driver/Src/stm32g4xx_hal_dma.c **** 
 576:Drivers/STM32G4xx_HAL_Driver/Src/stm32g4xx_hal_dma.c ****     /* disable the DMAMUX sync overrun IT*/
 577:Drivers/STM32G4xx_HAL_Driver/Src/stm32g4xx_hal_dma.c ****     hdma->DMAmuxChannel->CCR &= ~DMAMUX_CxCR_SOIE;
 578:Drivers/STM32G4xx_HAL_Driver/Src/stm32g4xx_hal_dma.c **** 
 579:Drivers/STM32G4xx_HAL_Driver/Src/stm32g4xx_hal_dma.c ****     /* Clear all flags */
 580:Drivers/STM32G4xx_HAL_Driver/Src/stm32g4xx_hal_dma.c ****     hdma->DmaBaseAddress->IFCR = (DMA_ISR_GIF1 << (hdma->ChannelIndex & 0x1FU));
 581:Drivers/STM32G4xx_HAL_Driver/Src/stm32g4xx_hal_dma.c **** 
 582:Drivers/STM32G4xx_HAL_Driver/Src/stm32g4xx_hal_dma.c ****     /* Clear the DMAMUX synchro overrun flag */
 583:Drivers/STM32G4xx_HAL_Driver/Src/stm32g4xx_hal_dma.c ****     hdma->DMAmuxChannelStatus->CFR = hdma->DMAmuxChannelStatusMask;
 584:Drivers/STM32G4xx_HAL_Driver/Src/stm32g4xx_hal_dma.c **** 
 585:Drivers/STM32G4xx_HAL_Driver/Src/stm32g4xx_hal_dma.c ****     if (hdma->DMAmuxRequestGen != 0U)
 586:Drivers/STM32G4xx_HAL_Driver/Src/stm32g4xx_hal_dma.c ****     {
 587:Drivers/STM32G4xx_HAL_Driver/Src/stm32g4xx_hal_dma.c ****       /* if using DMAMUX request generator, disable the DMAMUX request generator overrun IT*/
 588:Drivers/STM32G4xx_HAL_Driver/Src/stm32g4xx_hal_dma.c ****       /* disable the request gen overrun IT*/
 589:Drivers/STM32G4xx_HAL_Driver/Src/stm32g4xx_hal_dma.c ****       hdma->DMAmuxRequestGen->RGCR &= ~DMAMUX_RGxCR_OIE;
 590:Drivers/STM32G4xx_HAL_Driver/Src/stm32g4xx_hal_dma.c **** 
 591:Drivers/STM32G4xx_HAL_Driver/Src/stm32g4xx_hal_dma.c ****       /* Clear the DMAMUX request generator overrun flag */
 592:Drivers/STM32G4xx_HAL_Driver/Src/stm32g4xx_hal_dma.c ****       hdma->DMAmuxRequestGenStatus->RGCFR = hdma->DMAmuxRequestGenStatusMask;
 593:Drivers/STM32G4xx_HAL_Driver/Src/stm32g4xx_hal_dma.c ****     }
 594:Drivers/STM32G4xx_HAL_Driver/Src/stm32g4xx_hal_dma.c **** 
 595:Drivers/STM32G4xx_HAL_Driver/Src/stm32g4xx_hal_dma.c ****     /* Change the DMA state */
 596:Drivers/STM32G4xx_HAL_Driver/Src/stm32g4xx_hal_dma.c ****     hdma->State = HAL_DMA_STATE_READY;
 597:Drivers/STM32G4xx_HAL_Driver/Src/stm32g4xx_hal_dma.c **** 
 598:Drivers/STM32G4xx_HAL_Driver/Src/stm32g4xx_hal_dma.c ****     /* Process Unlocked */
 599:Drivers/STM32G4xx_HAL_Driver/Src/stm32g4xx_hal_dma.c ****     __HAL_UNLOCK(hdma);
 600:Drivers/STM32G4xx_HAL_Driver/Src/stm32g4xx_hal_dma.c **** 
ARM GAS  /tmp/ccE3qxy9.s 			page 12


 601:Drivers/STM32G4xx_HAL_Driver/Src/stm32g4xx_hal_dma.c ****     /* Call User Abort callback */
 602:Drivers/STM32G4xx_HAL_Driver/Src/stm32g4xx_hal_dma.c ****     if (hdma->XferAbortCallback != NULL)
 603:Drivers/STM32G4xx_HAL_Driver/Src/stm32g4xx_hal_dma.c ****     {
 604:Drivers/STM32G4xx_HAL_Driver/Src/stm32g4xx_hal_dma.c ****       hdma->XferAbortCallback(hdma);
 605:Drivers/STM32G4xx_HAL_Driver/Src/stm32g4xx_hal_dma.c ****     }
 606:Drivers/STM32G4xx_HAL_Driver/Src/stm32g4xx_hal_dma.c ****   }
 607:Drivers/STM32G4xx_HAL_Driver/Src/stm32g4xx_hal_dma.c ****   return status;
 608:Drivers/STM32G4xx_HAL_Driver/Src/stm32g4xx_hal_dma.c **** }
 609:Drivers/STM32G4xx_HAL_Driver/Src/stm32g4xx_hal_dma.c **** 
 610:Drivers/STM32G4xx_HAL_Driver/Src/stm32g4xx_hal_dma.c **** /**
 611:Drivers/STM32G4xx_HAL_Driver/Src/stm32g4xx_hal_dma.c ****   * @brief  Polling for transfer complete.
 612:Drivers/STM32G4xx_HAL_Driver/Src/stm32g4xx_hal_dma.c ****   * @param  hdma pointer to a DMA_HandleTypeDef structure that contains
 613:Drivers/STM32G4xx_HAL_Driver/Src/stm32g4xx_hal_dma.c ****   *              the configuration information for the specified DMA Channel.
 614:Drivers/STM32G4xx_HAL_Driver/Src/stm32g4xx_hal_dma.c ****   * @param  CompleteLevel Specifies the DMA level complete.
 615:Drivers/STM32G4xx_HAL_Driver/Src/stm32g4xx_hal_dma.c ****   * @param  Timeout       Timeout duration.
 616:Drivers/STM32G4xx_HAL_Driver/Src/stm32g4xx_hal_dma.c ****   * @retval HAL status
 617:Drivers/STM32G4xx_HAL_Driver/Src/stm32g4xx_hal_dma.c ****   */
 618:Drivers/STM32G4xx_HAL_Driver/Src/stm32g4xx_hal_dma.c **** HAL_StatusTypeDef HAL_DMA_PollForTransfer(DMA_HandleTypeDef *hdma, HAL_DMA_LevelCompleteTypeDef Com
 619:Drivers/STM32G4xx_HAL_Driver/Src/stm32g4xx_hal_dma.c ****                                           uint32_t Timeout)
 620:Drivers/STM32G4xx_HAL_Driver/Src/stm32g4xx_hal_dma.c **** {
 621:Drivers/STM32G4xx_HAL_Driver/Src/stm32g4xx_hal_dma.c ****   uint32_t temp;
 622:Drivers/STM32G4xx_HAL_Driver/Src/stm32g4xx_hal_dma.c ****   uint32_t tickstart;
 623:Drivers/STM32G4xx_HAL_Driver/Src/stm32g4xx_hal_dma.c **** 
 624:Drivers/STM32G4xx_HAL_Driver/Src/stm32g4xx_hal_dma.c ****   if (HAL_DMA_STATE_BUSY != hdma->State)
 625:Drivers/STM32G4xx_HAL_Driver/Src/stm32g4xx_hal_dma.c ****   {
 626:Drivers/STM32G4xx_HAL_Driver/Src/stm32g4xx_hal_dma.c ****     /* no transfer ongoing */
 627:Drivers/STM32G4xx_HAL_Driver/Src/stm32g4xx_hal_dma.c ****     hdma->ErrorCode = HAL_DMA_ERROR_NO_XFER;
 628:Drivers/STM32G4xx_HAL_Driver/Src/stm32g4xx_hal_dma.c ****     __HAL_UNLOCK(hdma);
 629:Drivers/STM32G4xx_HAL_Driver/Src/stm32g4xx_hal_dma.c ****     return HAL_ERROR;
 630:Drivers/STM32G4xx_HAL_Driver/Src/stm32g4xx_hal_dma.c ****   }
 631:Drivers/STM32G4xx_HAL_Driver/Src/stm32g4xx_hal_dma.c **** 
 632:Drivers/STM32G4xx_HAL_Driver/Src/stm32g4xx_hal_dma.c ****   /* Polling mode not supported in circular mode */
 633:Drivers/STM32G4xx_HAL_Driver/Src/stm32g4xx_hal_dma.c ****   if (0U != (hdma->Instance->CCR & DMA_CCR_CIRC))
 634:Drivers/STM32G4xx_HAL_Driver/Src/stm32g4xx_hal_dma.c ****   {
 635:Drivers/STM32G4xx_HAL_Driver/Src/stm32g4xx_hal_dma.c ****     hdma->ErrorCode = HAL_DMA_ERROR_NOT_SUPPORTED;
 636:Drivers/STM32G4xx_HAL_Driver/Src/stm32g4xx_hal_dma.c ****     return HAL_ERROR;
 637:Drivers/STM32G4xx_HAL_Driver/Src/stm32g4xx_hal_dma.c ****   }
 638:Drivers/STM32G4xx_HAL_Driver/Src/stm32g4xx_hal_dma.c **** 
 639:Drivers/STM32G4xx_HAL_Driver/Src/stm32g4xx_hal_dma.c ****   /* Get the level transfer complete flag */
 640:Drivers/STM32G4xx_HAL_Driver/Src/stm32g4xx_hal_dma.c ****   if (HAL_DMA_FULL_TRANSFER == CompleteLevel)
 641:Drivers/STM32G4xx_HAL_Driver/Src/stm32g4xx_hal_dma.c ****   {
 642:Drivers/STM32G4xx_HAL_Driver/Src/stm32g4xx_hal_dma.c ****     /* Transfer Complete flag */
 643:Drivers/STM32G4xx_HAL_Driver/Src/stm32g4xx_hal_dma.c **** 
 644:Drivers/STM32G4xx_HAL_Driver/Src/stm32g4xx_hal_dma.c ****     temp = (uint32_t)DMA_FLAG_TC1 << (hdma->ChannelIndex & 0x1FU);
 645:Drivers/STM32G4xx_HAL_Driver/Src/stm32g4xx_hal_dma.c ****   }
 646:Drivers/STM32G4xx_HAL_Driver/Src/stm32g4xx_hal_dma.c ****   else
 647:Drivers/STM32G4xx_HAL_Driver/Src/stm32g4xx_hal_dma.c ****   {
 648:Drivers/STM32G4xx_HAL_Driver/Src/stm32g4xx_hal_dma.c ****     /* Half Transfer Complete flag */
 649:Drivers/STM32G4xx_HAL_Driver/Src/stm32g4xx_hal_dma.c ****     temp = (uint32_t)DMA_FLAG_HT1 << (hdma->ChannelIndex & 0x1FU);
 650:Drivers/STM32G4xx_HAL_Driver/Src/stm32g4xx_hal_dma.c ****   }
 651:Drivers/STM32G4xx_HAL_Driver/Src/stm32g4xx_hal_dma.c **** 
 652:Drivers/STM32G4xx_HAL_Driver/Src/stm32g4xx_hal_dma.c ****   /* Get tick */
 653:Drivers/STM32G4xx_HAL_Driver/Src/stm32g4xx_hal_dma.c ****   tickstart = HAL_GetTick();
 654:Drivers/STM32G4xx_HAL_Driver/Src/stm32g4xx_hal_dma.c **** 
 655:Drivers/STM32G4xx_HAL_Driver/Src/stm32g4xx_hal_dma.c ****   while (0U == (hdma->DmaBaseAddress->ISR & temp))
 656:Drivers/STM32G4xx_HAL_Driver/Src/stm32g4xx_hal_dma.c ****   {
 657:Drivers/STM32G4xx_HAL_Driver/Src/stm32g4xx_hal_dma.c ****     if ((0U != (hdma->DmaBaseAddress->ISR & ((uint32_t)DMA_FLAG_TE1 << (hdma->ChannelIndex & 0x1FU)
ARM GAS  /tmp/ccE3qxy9.s 			page 13


 658:Drivers/STM32G4xx_HAL_Driver/Src/stm32g4xx_hal_dma.c ****     {
 659:Drivers/STM32G4xx_HAL_Driver/Src/stm32g4xx_hal_dma.c ****       /* When a DMA transfer error occurs */
 660:Drivers/STM32G4xx_HAL_Driver/Src/stm32g4xx_hal_dma.c ****       /* A hardware clear of its EN bits is performed */
 661:Drivers/STM32G4xx_HAL_Driver/Src/stm32g4xx_hal_dma.c ****       /* Clear all flags */
 662:Drivers/STM32G4xx_HAL_Driver/Src/stm32g4xx_hal_dma.c ****       hdma->DmaBaseAddress->IFCR = ((uint32_t)DMA_ISR_GIF1 << (hdma->ChannelIndex & 0x1FU));
 663:Drivers/STM32G4xx_HAL_Driver/Src/stm32g4xx_hal_dma.c **** 
 664:Drivers/STM32G4xx_HAL_Driver/Src/stm32g4xx_hal_dma.c ****       /* Update error code */
 665:Drivers/STM32G4xx_HAL_Driver/Src/stm32g4xx_hal_dma.c ****       hdma->ErrorCode = HAL_DMA_ERROR_TE;
 666:Drivers/STM32G4xx_HAL_Driver/Src/stm32g4xx_hal_dma.c **** 
 667:Drivers/STM32G4xx_HAL_Driver/Src/stm32g4xx_hal_dma.c ****       /* Change the DMA state */
 668:Drivers/STM32G4xx_HAL_Driver/Src/stm32g4xx_hal_dma.c ****       hdma->State = HAL_DMA_STATE_READY;
 669:Drivers/STM32G4xx_HAL_Driver/Src/stm32g4xx_hal_dma.c **** 
 670:Drivers/STM32G4xx_HAL_Driver/Src/stm32g4xx_hal_dma.c ****       /* Process Unlocked */
 671:Drivers/STM32G4xx_HAL_Driver/Src/stm32g4xx_hal_dma.c ****       __HAL_UNLOCK(hdma);
 672:Drivers/STM32G4xx_HAL_Driver/Src/stm32g4xx_hal_dma.c **** 
 673:Drivers/STM32G4xx_HAL_Driver/Src/stm32g4xx_hal_dma.c ****       return HAL_ERROR;
 674:Drivers/STM32G4xx_HAL_Driver/Src/stm32g4xx_hal_dma.c ****     }
 675:Drivers/STM32G4xx_HAL_Driver/Src/stm32g4xx_hal_dma.c ****     /* Check for the Timeout */
 676:Drivers/STM32G4xx_HAL_Driver/Src/stm32g4xx_hal_dma.c ****     if (Timeout != HAL_MAX_DELAY)
 677:Drivers/STM32G4xx_HAL_Driver/Src/stm32g4xx_hal_dma.c ****     {
 678:Drivers/STM32G4xx_HAL_Driver/Src/stm32g4xx_hal_dma.c ****       if (((HAL_GetTick() - tickstart) > Timeout) || (Timeout == 0U))
 679:Drivers/STM32G4xx_HAL_Driver/Src/stm32g4xx_hal_dma.c ****       {
 680:Drivers/STM32G4xx_HAL_Driver/Src/stm32g4xx_hal_dma.c ****         /* Update error code */
 681:Drivers/STM32G4xx_HAL_Driver/Src/stm32g4xx_hal_dma.c ****         hdma->ErrorCode = HAL_DMA_ERROR_TIMEOUT;
 682:Drivers/STM32G4xx_HAL_Driver/Src/stm32g4xx_hal_dma.c **** 
 683:Drivers/STM32G4xx_HAL_Driver/Src/stm32g4xx_hal_dma.c ****         /* Change the DMA state */
 684:Drivers/STM32G4xx_HAL_Driver/Src/stm32g4xx_hal_dma.c ****         hdma->State = HAL_DMA_STATE_READY;
 685:Drivers/STM32G4xx_HAL_Driver/Src/stm32g4xx_hal_dma.c **** 
 686:Drivers/STM32G4xx_HAL_Driver/Src/stm32g4xx_hal_dma.c ****         /* Process Unlocked */
 687:Drivers/STM32G4xx_HAL_Driver/Src/stm32g4xx_hal_dma.c ****         __HAL_UNLOCK(hdma);
 688:Drivers/STM32G4xx_HAL_Driver/Src/stm32g4xx_hal_dma.c **** 
 689:Drivers/STM32G4xx_HAL_Driver/Src/stm32g4xx_hal_dma.c ****         return HAL_ERROR;
 690:Drivers/STM32G4xx_HAL_Driver/Src/stm32g4xx_hal_dma.c ****       }
 691:Drivers/STM32G4xx_HAL_Driver/Src/stm32g4xx_hal_dma.c ****     }
 692:Drivers/STM32G4xx_HAL_Driver/Src/stm32g4xx_hal_dma.c ****   }
 693:Drivers/STM32G4xx_HAL_Driver/Src/stm32g4xx_hal_dma.c **** 
 694:Drivers/STM32G4xx_HAL_Driver/Src/stm32g4xx_hal_dma.c ****   /*Check for DMAMUX Request generator (if used) overrun status */
 695:Drivers/STM32G4xx_HAL_Driver/Src/stm32g4xx_hal_dma.c ****   if (hdma->DMAmuxRequestGen != 0U)
 696:Drivers/STM32G4xx_HAL_Driver/Src/stm32g4xx_hal_dma.c ****   {
 697:Drivers/STM32G4xx_HAL_Driver/Src/stm32g4xx_hal_dma.c ****     /* if using DMAMUX request generator Check for DMAMUX request generator overrun */
 698:Drivers/STM32G4xx_HAL_Driver/Src/stm32g4xx_hal_dma.c ****     if ((hdma->DMAmuxRequestGenStatus->RGSR & hdma->DMAmuxRequestGenStatusMask) != 0U)
 699:Drivers/STM32G4xx_HAL_Driver/Src/stm32g4xx_hal_dma.c ****     {
 700:Drivers/STM32G4xx_HAL_Driver/Src/stm32g4xx_hal_dma.c ****       /* Disable the request gen overrun interrupt */
 701:Drivers/STM32G4xx_HAL_Driver/Src/stm32g4xx_hal_dma.c ****       hdma->DMAmuxRequestGen->RGCR |= DMAMUX_RGxCR_OIE;
 702:Drivers/STM32G4xx_HAL_Driver/Src/stm32g4xx_hal_dma.c **** 
 703:Drivers/STM32G4xx_HAL_Driver/Src/stm32g4xx_hal_dma.c ****       /* Clear the DMAMUX request generator overrun flag */
 704:Drivers/STM32G4xx_HAL_Driver/Src/stm32g4xx_hal_dma.c ****       hdma->DMAmuxRequestGenStatus->RGCFR = hdma->DMAmuxRequestGenStatusMask;
 705:Drivers/STM32G4xx_HAL_Driver/Src/stm32g4xx_hal_dma.c **** 
 706:Drivers/STM32G4xx_HAL_Driver/Src/stm32g4xx_hal_dma.c ****       /* Update error code */
 707:Drivers/STM32G4xx_HAL_Driver/Src/stm32g4xx_hal_dma.c ****       hdma->ErrorCode |= HAL_DMA_ERROR_REQGEN;
 708:Drivers/STM32G4xx_HAL_Driver/Src/stm32g4xx_hal_dma.c ****     }
 709:Drivers/STM32G4xx_HAL_Driver/Src/stm32g4xx_hal_dma.c ****   }
 710:Drivers/STM32G4xx_HAL_Driver/Src/stm32g4xx_hal_dma.c **** 
 711:Drivers/STM32G4xx_HAL_Driver/Src/stm32g4xx_hal_dma.c ****   /* Check for DMAMUX Synchronization overrun */
 712:Drivers/STM32G4xx_HAL_Driver/Src/stm32g4xx_hal_dma.c ****   if ((hdma->DMAmuxChannelStatus->CSR & hdma->DMAmuxChannelStatusMask) != 0U)
 713:Drivers/STM32G4xx_HAL_Driver/Src/stm32g4xx_hal_dma.c ****   {
 714:Drivers/STM32G4xx_HAL_Driver/Src/stm32g4xx_hal_dma.c ****     /* Clear the DMAMUX synchro overrun flag */
ARM GAS  /tmp/ccE3qxy9.s 			page 14


 715:Drivers/STM32G4xx_HAL_Driver/Src/stm32g4xx_hal_dma.c ****     hdma->DMAmuxChannelStatus->CFR = hdma->DMAmuxChannelStatusMask;
 716:Drivers/STM32G4xx_HAL_Driver/Src/stm32g4xx_hal_dma.c **** 
 717:Drivers/STM32G4xx_HAL_Driver/Src/stm32g4xx_hal_dma.c ****     /* Update error code */
 718:Drivers/STM32G4xx_HAL_Driver/Src/stm32g4xx_hal_dma.c ****     hdma->ErrorCode |= HAL_DMA_ERROR_SYNC;
 719:Drivers/STM32G4xx_HAL_Driver/Src/stm32g4xx_hal_dma.c ****   }
 720:Drivers/STM32G4xx_HAL_Driver/Src/stm32g4xx_hal_dma.c **** 
 721:Drivers/STM32G4xx_HAL_Driver/Src/stm32g4xx_hal_dma.c ****   if (HAL_DMA_FULL_TRANSFER == CompleteLevel)
 722:Drivers/STM32G4xx_HAL_Driver/Src/stm32g4xx_hal_dma.c ****   {
 723:Drivers/STM32G4xx_HAL_Driver/Src/stm32g4xx_hal_dma.c ****     /* Clear the transfer complete flag */
 724:Drivers/STM32G4xx_HAL_Driver/Src/stm32g4xx_hal_dma.c ****     hdma->DmaBaseAddress->IFCR = ((uint32_t)DMA_FLAG_TC1 << (hdma->ChannelIndex & 0x1FU));
 725:Drivers/STM32G4xx_HAL_Driver/Src/stm32g4xx_hal_dma.c **** 
 726:Drivers/STM32G4xx_HAL_Driver/Src/stm32g4xx_hal_dma.c ****     /* The selected Channelx EN bit is cleared (DMA is disabled and
 727:Drivers/STM32G4xx_HAL_Driver/Src/stm32g4xx_hal_dma.c ****     all transfers are complete) */
 728:Drivers/STM32G4xx_HAL_Driver/Src/stm32g4xx_hal_dma.c ****     hdma->State = HAL_DMA_STATE_READY;
 729:Drivers/STM32G4xx_HAL_Driver/Src/stm32g4xx_hal_dma.c ****   }
 730:Drivers/STM32G4xx_HAL_Driver/Src/stm32g4xx_hal_dma.c ****   else
 731:Drivers/STM32G4xx_HAL_Driver/Src/stm32g4xx_hal_dma.c ****   {
 732:Drivers/STM32G4xx_HAL_Driver/Src/stm32g4xx_hal_dma.c ****     /* Clear the half transfer complete flag */
 733:Drivers/STM32G4xx_HAL_Driver/Src/stm32g4xx_hal_dma.c ****     hdma->DmaBaseAddress->IFCR = ((uint32_t)DMA_FLAG_HT1 << (hdma->ChannelIndex & 0x1FU));
 734:Drivers/STM32G4xx_HAL_Driver/Src/stm32g4xx_hal_dma.c ****   }
 735:Drivers/STM32G4xx_HAL_Driver/Src/stm32g4xx_hal_dma.c **** 
 736:Drivers/STM32G4xx_HAL_Driver/Src/stm32g4xx_hal_dma.c ****   /* Process unlocked */
 737:Drivers/STM32G4xx_HAL_Driver/Src/stm32g4xx_hal_dma.c ****   __HAL_UNLOCK(hdma);
 738:Drivers/STM32G4xx_HAL_Driver/Src/stm32g4xx_hal_dma.c **** 
 739:Drivers/STM32G4xx_HAL_Driver/Src/stm32g4xx_hal_dma.c ****   return HAL_OK;
 740:Drivers/STM32G4xx_HAL_Driver/Src/stm32g4xx_hal_dma.c **** }
 741:Drivers/STM32G4xx_HAL_Driver/Src/stm32g4xx_hal_dma.c **** 
 742:Drivers/STM32G4xx_HAL_Driver/Src/stm32g4xx_hal_dma.c **** /**
 743:Drivers/STM32G4xx_HAL_Driver/Src/stm32g4xx_hal_dma.c ****   * @brief  Handle DMA interrupt request.
 744:Drivers/STM32G4xx_HAL_Driver/Src/stm32g4xx_hal_dma.c ****   * @param  hdma pointer to a DMA_HandleTypeDef structure that contains
 745:Drivers/STM32G4xx_HAL_Driver/Src/stm32g4xx_hal_dma.c ****   *               the configuration information for the specified DMA Channel.
 746:Drivers/STM32G4xx_HAL_Driver/Src/stm32g4xx_hal_dma.c ****   * @retval None
 747:Drivers/STM32G4xx_HAL_Driver/Src/stm32g4xx_hal_dma.c ****   */
 748:Drivers/STM32G4xx_HAL_Driver/Src/stm32g4xx_hal_dma.c **** void HAL_DMA_IRQHandler(DMA_HandleTypeDef *hdma)
 749:Drivers/STM32G4xx_HAL_Driver/Src/stm32g4xx_hal_dma.c **** {
 750:Drivers/STM32G4xx_HAL_Driver/Src/stm32g4xx_hal_dma.c ****   uint32_t flag_it = hdma->DmaBaseAddress->ISR;
 751:Drivers/STM32G4xx_HAL_Driver/Src/stm32g4xx_hal_dma.c ****   uint32_t source_it = hdma->Instance->CCR;
 752:Drivers/STM32G4xx_HAL_Driver/Src/stm32g4xx_hal_dma.c **** 
 753:Drivers/STM32G4xx_HAL_Driver/Src/stm32g4xx_hal_dma.c ****   /* Half Transfer Complete Interrupt management ******************************/
 754:Drivers/STM32G4xx_HAL_Driver/Src/stm32g4xx_hal_dma.c ****   if ((0U != (flag_it & ((uint32_t)DMA_FLAG_HT1 << (hdma->ChannelIndex & 0x1FU)))) && (0U != (sourc
 755:Drivers/STM32G4xx_HAL_Driver/Src/stm32g4xx_hal_dma.c ****   {
 756:Drivers/STM32G4xx_HAL_Driver/Src/stm32g4xx_hal_dma.c ****     /* Disable the half transfer interrupt if the DMA mode is not CIRCULAR */
 757:Drivers/STM32G4xx_HAL_Driver/Src/stm32g4xx_hal_dma.c ****     if ((hdma->Instance->CCR & DMA_CCR_CIRC) == 0U)
 758:Drivers/STM32G4xx_HAL_Driver/Src/stm32g4xx_hal_dma.c ****     {
 759:Drivers/STM32G4xx_HAL_Driver/Src/stm32g4xx_hal_dma.c ****       /* Disable the half transfer interrupt */
 760:Drivers/STM32G4xx_HAL_Driver/Src/stm32g4xx_hal_dma.c ****       __HAL_DMA_DISABLE_IT(hdma, DMA_IT_HT);
 761:Drivers/STM32G4xx_HAL_Driver/Src/stm32g4xx_hal_dma.c ****     }
 762:Drivers/STM32G4xx_HAL_Driver/Src/stm32g4xx_hal_dma.c ****     /* Clear the half transfer complete flag */
 763:Drivers/STM32G4xx_HAL_Driver/Src/stm32g4xx_hal_dma.c ****     hdma->DmaBaseAddress->IFCR = ((uint32_t)DMA_ISR_HTIF1 << (hdma->ChannelIndex & 0x1FU));
 764:Drivers/STM32G4xx_HAL_Driver/Src/stm32g4xx_hal_dma.c **** 
 765:Drivers/STM32G4xx_HAL_Driver/Src/stm32g4xx_hal_dma.c ****     /* DMA peripheral state is not updated in Half Transfer */
 766:Drivers/STM32G4xx_HAL_Driver/Src/stm32g4xx_hal_dma.c ****     /* but in Transfer Complete case */
 767:Drivers/STM32G4xx_HAL_Driver/Src/stm32g4xx_hal_dma.c **** 
 768:Drivers/STM32G4xx_HAL_Driver/Src/stm32g4xx_hal_dma.c ****     if (hdma->XferHalfCpltCallback != NULL)
 769:Drivers/STM32G4xx_HAL_Driver/Src/stm32g4xx_hal_dma.c ****     {
 770:Drivers/STM32G4xx_HAL_Driver/Src/stm32g4xx_hal_dma.c ****       /* Half transfer callback */
 771:Drivers/STM32G4xx_HAL_Driver/Src/stm32g4xx_hal_dma.c ****       hdma->XferHalfCpltCallback(hdma);
ARM GAS  /tmp/ccE3qxy9.s 			page 15


 772:Drivers/STM32G4xx_HAL_Driver/Src/stm32g4xx_hal_dma.c ****     }
 773:Drivers/STM32G4xx_HAL_Driver/Src/stm32g4xx_hal_dma.c ****   }
 774:Drivers/STM32G4xx_HAL_Driver/Src/stm32g4xx_hal_dma.c ****   /* Transfer Complete Interrupt management ***********************************/
 775:Drivers/STM32G4xx_HAL_Driver/Src/stm32g4xx_hal_dma.c ****   else if ((0U != (flag_it & ((uint32_t)DMA_FLAG_TC1 << (hdma->ChannelIndex & 0x1FU))))
 776:Drivers/STM32G4xx_HAL_Driver/Src/stm32g4xx_hal_dma.c ****            && (0U != (source_it & DMA_IT_TC)))
 777:Drivers/STM32G4xx_HAL_Driver/Src/stm32g4xx_hal_dma.c ****   {
 778:Drivers/STM32G4xx_HAL_Driver/Src/stm32g4xx_hal_dma.c ****     if ((hdma->Instance->CCR & DMA_CCR_CIRC) == 0U)
 779:Drivers/STM32G4xx_HAL_Driver/Src/stm32g4xx_hal_dma.c ****     {
 780:Drivers/STM32G4xx_HAL_Driver/Src/stm32g4xx_hal_dma.c ****       /* Disable the transfer complete and error interrupt */
 781:Drivers/STM32G4xx_HAL_Driver/Src/stm32g4xx_hal_dma.c ****       __HAL_DMA_DISABLE_IT(hdma, DMA_IT_TE | DMA_IT_TC);
 782:Drivers/STM32G4xx_HAL_Driver/Src/stm32g4xx_hal_dma.c **** 
 783:Drivers/STM32G4xx_HAL_Driver/Src/stm32g4xx_hal_dma.c ****       /* Change the DMA state */
 784:Drivers/STM32G4xx_HAL_Driver/Src/stm32g4xx_hal_dma.c ****       hdma->State = HAL_DMA_STATE_READY;
 785:Drivers/STM32G4xx_HAL_Driver/Src/stm32g4xx_hal_dma.c ****     }
 786:Drivers/STM32G4xx_HAL_Driver/Src/stm32g4xx_hal_dma.c ****     /* Clear the transfer complete flag */
 787:Drivers/STM32G4xx_HAL_Driver/Src/stm32g4xx_hal_dma.c ****     hdma->DmaBaseAddress->IFCR = ((uint32_t)DMA_ISR_TCIF1 << (hdma->ChannelIndex & 0x1FU));
 788:Drivers/STM32G4xx_HAL_Driver/Src/stm32g4xx_hal_dma.c **** 
 789:Drivers/STM32G4xx_HAL_Driver/Src/stm32g4xx_hal_dma.c ****     /* Process Unlocked */
 790:Drivers/STM32G4xx_HAL_Driver/Src/stm32g4xx_hal_dma.c ****     __HAL_UNLOCK(hdma);
 791:Drivers/STM32G4xx_HAL_Driver/Src/stm32g4xx_hal_dma.c **** 
 792:Drivers/STM32G4xx_HAL_Driver/Src/stm32g4xx_hal_dma.c ****     if (hdma->XferCpltCallback != NULL)
 793:Drivers/STM32G4xx_HAL_Driver/Src/stm32g4xx_hal_dma.c ****     {
 794:Drivers/STM32G4xx_HAL_Driver/Src/stm32g4xx_hal_dma.c ****       /* Transfer complete callback */
 795:Drivers/STM32G4xx_HAL_Driver/Src/stm32g4xx_hal_dma.c ****       hdma->XferCpltCallback(hdma);
 796:Drivers/STM32G4xx_HAL_Driver/Src/stm32g4xx_hal_dma.c ****     }
 797:Drivers/STM32G4xx_HAL_Driver/Src/stm32g4xx_hal_dma.c ****   }
 798:Drivers/STM32G4xx_HAL_Driver/Src/stm32g4xx_hal_dma.c ****   /* Transfer Error Interrupt management **************************************/
 799:Drivers/STM32G4xx_HAL_Driver/Src/stm32g4xx_hal_dma.c ****   else if ((0U != (flag_it & ((uint32_t)DMA_FLAG_TE1 << (hdma->ChannelIndex & 0x1FU))))
 800:Drivers/STM32G4xx_HAL_Driver/Src/stm32g4xx_hal_dma.c ****            && (0U != (source_it & DMA_IT_TE)))
 801:Drivers/STM32G4xx_HAL_Driver/Src/stm32g4xx_hal_dma.c ****   {
 802:Drivers/STM32G4xx_HAL_Driver/Src/stm32g4xx_hal_dma.c ****     /* When a DMA transfer error occurs */
 803:Drivers/STM32G4xx_HAL_Driver/Src/stm32g4xx_hal_dma.c ****     /* A hardware clear of its EN bits is performed */
 804:Drivers/STM32G4xx_HAL_Driver/Src/stm32g4xx_hal_dma.c ****     /* Disable ALL DMA IT */
 805:Drivers/STM32G4xx_HAL_Driver/Src/stm32g4xx_hal_dma.c ****     __HAL_DMA_DISABLE_IT(hdma, (DMA_IT_TC | DMA_IT_HT | DMA_IT_TE));
 806:Drivers/STM32G4xx_HAL_Driver/Src/stm32g4xx_hal_dma.c **** 
 807:Drivers/STM32G4xx_HAL_Driver/Src/stm32g4xx_hal_dma.c ****     /* Clear all flags */
 808:Drivers/STM32G4xx_HAL_Driver/Src/stm32g4xx_hal_dma.c ****     hdma->DmaBaseAddress->IFCR = ((uint32_t)DMA_ISR_GIF1 << (hdma->ChannelIndex & 0x1FU));
 809:Drivers/STM32G4xx_HAL_Driver/Src/stm32g4xx_hal_dma.c **** 
 810:Drivers/STM32G4xx_HAL_Driver/Src/stm32g4xx_hal_dma.c ****     /* Update error code */
 811:Drivers/STM32G4xx_HAL_Driver/Src/stm32g4xx_hal_dma.c ****     hdma->ErrorCode = HAL_DMA_ERROR_TE;
 812:Drivers/STM32G4xx_HAL_Driver/Src/stm32g4xx_hal_dma.c **** 
 813:Drivers/STM32G4xx_HAL_Driver/Src/stm32g4xx_hal_dma.c ****     /* Change the DMA state */
 814:Drivers/STM32G4xx_HAL_Driver/Src/stm32g4xx_hal_dma.c ****     hdma->State = HAL_DMA_STATE_READY;
 815:Drivers/STM32G4xx_HAL_Driver/Src/stm32g4xx_hal_dma.c **** 
 816:Drivers/STM32G4xx_HAL_Driver/Src/stm32g4xx_hal_dma.c ****     /* Process Unlocked */
 817:Drivers/STM32G4xx_HAL_Driver/Src/stm32g4xx_hal_dma.c ****     __HAL_UNLOCK(hdma);
 818:Drivers/STM32G4xx_HAL_Driver/Src/stm32g4xx_hal_dma.c **** 
 819:Drivers/STM32G4xx_HAL_Driver/Src/stm32g4xx_hal_dma.c ****     if (hdma->XferErrorCallback != NULL)
 820:Drivers/STM32G4xx_HAL_Driver/Src/stm32g4xx_hal_dma.c ****     {
 821:Drivers/STM32G4xx_HAL_Driver/Src/stm32g4xx_hal_dma.c ****       /* Transfer error callback */
 822:Drivers/STM32G4xx_HAL_Driver/Src/stm32g4xx_hal_dma.c ****       hdma->XferErrorCallback(hdma);
 823:Drivers/STM32G4xx_HAL_Driver/Src/stm32g4xx_hal_dma.c ****     }
 824:Drivers/STM32G4xx_HAL_Driver/Src/stm32g4xx_hal_dma.c ****   }
 825:Drivers/STM32G4xx_HAL_Driver/Src/stm32g4xx_hal_dma.c ****   else
 826:Drivers/STM32G4xx_HAL_Driver/Src/stm32g4xx_hal_dma.c ****   {
 827:Drivers/STM32G4xx_HAL_Driver/Src/stm32g4xx_hal_dma.c ****     /* Nothing To Do */
 828:Drivers/STM32G4xx_HAL_Driver/Src/stm32g4xx_hal_dma.c ****   }
ARM GAS  /tmp/ccE3qxy9.s 			page 16


 829:Drivers/STM32G4xx_HAL_Driver/Src/stm32g4xx_hal_dma.c ****   return;
 830:Drivers/STM32G4xx_HAL_Driver/Src/stm32g4xx_hal_dma.c **** }
 831:Drivers/STM32G4xx_HAL_Driver/Src/stm32g4xx_hal_dma.c **** 
 832:Drivers/STM32G4xx_HAL_Driver/Src/stm32g4xx_hal_dma.c **** /**
 833:Drivers/STM32G4xx_HAL_Driver/Src/stm32g4xx_hal_dma.c ****   * @brief  Register callbacks
 834:Drivers/STM32G4xx_HAL_Driver/Src/stm32g4xx_hal_dma.c ****   * @param  hdma                 pointer to a DMA_HandleTypeDef structure that contains
 835:Drivers/STM32G4xx_HAL_Driver/Src/stm32g4xx_hal_dma.c ****   *                               the configuration information for the specified DMA Channel.
 836:Drivers/STM32G4xx_HAL_Driver/Src/stm32g4xx_hal_dma.c ****   * @param  CallbackID           User Callback identifier
 837:Drivers/STM32G4xx_HAL_Driver/Src/stm32g4xx_hal_dma.c ****   *                               a HAL_DMA_CallbackIDTypeDef ENUM as parameter.
 838:Drivers/STM32G4xx_HAL_Driver/Src/stm32g4xx_hal_dma.c ****   * @param  pCallback            pointer to private callbacsk function which has pointer to
 839:Drivers/STM32G4xx_HAL_Driver/Src/stm32g4xx_hal_dma.c ****   *                               a DMA_HandleTypeDef structure as parameter.
 840:Drivers/STM32G4xx_HAL_Driver/Src/stm32g4xx_hal_dma.c ****   * @retval HAL status
 841:Drivers/STM32G4xx_HAL_Driver/Src/stm32g4xx_hal_dma.c ****   */
 842:Drivers/STM32G4xx_HAL_Driver/Src/stm32g4xx_hal_dma.c **** HAL_StatusTypeDef HAL_DMA_RegisterCallback(DMA_HandleTypeDef *hdma, HAL_DMA_CallbackIDTypeDef Callb
 843:Drivers/STM32G4xx_HAL_Driver/Src/stm32g4xx_hal_dma.c **** {
 844:Drivers/STM32G4xx_HAL_Driver/Src/stm32g4xx_hal_dma.c ****   HAL_StatusTypeDef status = HAL_OK;
 845:Drivers/STM32G4xx_HAL_Driver/Src/stm32g4xx_hal_dma.c **** 
 846:Drivers/STM32G4xx_HAL_Driver/Src/stm32g4xx_hal_dma.c ****   /* Process locked */
 847:Drivers/STM32G4xx_HAL_Driver/Src/stm32g4xx_hal_dma.c ****   __HAL_LOCK(hdma);
 848:Drivers/STM32G4xx_HAL_Driver/Src/stm32g4xx_hal_dma.c **** 
 849:Drivers/STM32G4xx_HAL_Driver/Src/stm32g4xx_hal_dma.c ****   if (HAL_DMA_STATE_READY == hdma->State)
 850:Drivers/STM32G4xx_HAL_Driver/Src/stm32g4xx_hal_dma.c ****   {
 851:Drivers/STM32G4xx_HAL_Driver/Src/stm32g4xx_hal_dma.c ****     switch (CallbackID)
 852:Drivers/STM32G4xx_HAL_Driver/Src/stm32g4xx_hal_dma.c ****     {
 853:Drivers/STM32G4xx_HAL_Driver/Src/stm32g4xx_hal_dma.c ****       case  HAL_DMA_XFER_CPLT_CB_ID:
 854:Drivers/STM32G4xx_HAL_Driver/Src/stm32g4xx_hal_dma.c ****         hdma->XferCpltCallback = pCallback;
 855:Drivers/STM32G4xx_HAL_Driver/Src/stm32g4xx_hal_dma.c ****         break;
 856:Drivers/STM32G4xx_HAL_Driver/Src/stm32g4xx_hal_dma.c **** 
 857:Drivers/STM32G4xx_HAL_Driver/Src/stm32g4xx_hal_dma.c ****       case  HAL_DMA_XFER_HALFCPLT_CB_ID:
 858:Drivers/STM32G4xx_HAL_Driver/Src/stm32g4xx_hal_dma.c ****         hdma->XferHalfCpltCallback = pCallback;
 859:Drivers/STM32G4xx_HAL_Driver/Src/stm32g4xx_hal_dma.c ****         break;
 860:Drivers/STM32G4xx_HAL_Driver/Src/stm32g4xx_hal_dma.c **** 
 861:Drivers/STM32G4xx_HAL_Driver/Src/stm32g4xx_hal_dma.c ****       case  HAL_DMA_XFER_ERROR_CB_ID:
 862:Drivers/STM32G4xx_HAL_Driver/Src/stm32g4xx_hal_dma.c ****         hdma->XferErrorCallback = pCallback;
 863:Drivers/STM32G4xx_HAL_Driver/Src/stm32g4xx_hal_dma.c ****         break;
 864:Drivers/STM32G4xx_HAL_Driver/Src/stm32g4xx_hal_dma.c **** 
 865:Drivers/STM32G4xx_HAL_Driver/Src/stm32g4xx_hal_dma.c ****       case  HAL_DMA_XFER_ABORT_CB_ID:
 866:Drivers/STM32G4xx_HAL_Driver/Src/stm32g4xx_hal_dma.c ****         hdma->XferAbortCallback = pCallback;
 867:Drivers/STM32G4xx_HAL_Driver/Src/stm32g4xx_hal_dma.c ****         break;
 868:Drivers/STM32G4xx_HAL_Driver/Src/stm32g4xx_hal_dma.c **** 
 869:Drivers/STM32G4xx_HAL_Driver/Src/stm32g4xx_hal_dma.c ****       default:
 870:Drivers/STM32G4xx_HAL_Driver/Src/stm32g4xx_hal_dma.c ****         status = HAL_ERROR;
 871:Drivers/STM32G4xx_HAL_Driver/Src/stm32g4xx_hal_dma.c ****         break;
 872:Drivers/STM32G4xx_HAL_Driver/Src/stm32g4xx_hal_dma.c ****     }
 873:Drivers/STM32G4xx_HAL_Driver/Src/stm32g4xx_hal_dma.c ****   }
 874:Drivers/STM32G4xx_HAL_Driver/Src/stm32g4xx_hal_dma.c ****   else
 875:Drivers/STM32G4xx_HAL_Driver/Src/stm32g4xx_hal_dma.c ****   {
 876:Drivers/STM32G4xx_HAL_Driver/Src/stm32g4xx_hal_dma.c ****     status = HAL_ERROR;
 877:Drivers/STM32G4xx_HAL_Driver/Src/stm32g4xx_hal_dma.c ****   }
 878:Drivers/STM32G4xx_HAL_Driver/Src/stm32g4xx_hal_dma.c **** 
 879:Drivers/STM32G4xx_HAL_Driver/Src/stm32g4xx_hal_dma.c ****   /* Release Lock */
 880:Drivers/STM32G4xx_HAL_Driver/Src/stm32g4xx_hal_dma.c ****   __HAL_UNLOCK(hdma);
 881:Drivers/STM32G4xx_HAL_Driver/Src/stm32g4xx_hal_dma.c **** 
 882:Drivers/STM32G4xx_HAL_Driver/Src/stm32g4xx_hal_dma.c ****   return status;
 883:Drivers/STM32G4xx_HAL_Driver/Src/stm32g4xx_hal_dma.c **** }
 884:Drivers/STM32G4xx_HAL_Driver/Src/stm32g4xx_hal_dma.c **** 
 885:Drivers/STM32G4xx_HAL_Driver/Src/stm32g4xx_hal_dma.c **** /**
ARM GAS  /tmp/ccE3qxy9.s 			page 17


 886:Drivers/STM32G4xx_HAL_Driver/Src/stm32g4xx_hal_dma.c ****   * @brief  UnRegister callbacks
 887:Drivers/STM32G4xx_HAL_Driver/Src/stm32g4xx_hal_dma.c ****   * @param  hdma                 pointer to a DMA_HandleTypeDef structure that contains
 888:Drivers/STM32G4xx_HAL_Driver/Src/stm32g4xx_hal_dma.c ****   *                               the configuration information for the specified DMA Channel.
 889:Drivers/STM32G4xx_HAL_Driver/Src/stm32g4xx_hal_dma.c ****   * @param  CallbackID           User Callback identifier
 890:Drivers/STM32G4xx_HAL_Driver/Src/stm32g4xx_hal_dma.c ****   *                               a HAL_DMA_CallbackIDTypeDef ENUM as parameter.
 891:Drivers/STM32G4xx_HAL_Driver/Src/stm32g4xx_hal_dma.c ****   * @retval HAL status
 892:Drivers/STM32G4xx_HAL_Driver/Src/stm32g4xx_hal_dma.c ****   */
 893:Drivers/STM32G4xx_HAL_Driver/Src/stm32g4xx_hal_dma.c **** HAL_StatusTypeDef HAL_DMA_UnRegisterCallback(DMA_HandleTypeDef *hdma, HAL_DMA_CallbackIDTypeDef Cal
 894:Drivers/STM32G4xx_HAL_Driver/Src/stm32g4xx_hal_dma.c **** {
 895:Drivers/STM32G4xx_HAL_Driver/Src/stm32g4xx_hal_dma.c ****   HAL_StatusTypeDef status = HAL_OK;
 896:Drivers/STM32G4xx_HAL_Driver/Src/stm32g4xx_hal_dma.c **** 
 897:Drivers/STM32G4xx_HAL_Driver/Src/stm32g4xx_hal_dma.c ****   /* Process locked */
 898:Drivers/STM32G4xx_HAL_Driver/Src/stm32g4xx_hal_dma.c ****   __HAL_LOCK(hdma);
 899:Drivers/STM32G4xx_HAL_Driver/Src/stm32g4xx_hal_dma.c **** 
 900:Drivers/STM32G4xx_HAL_Driver/Src/stm32g4xx_hal_dma.c ****   if (HAL_DMA_STATE_READY == hdma->State)
 901:Drivers/STM32G4xx_HAL_Driver/Src/stm32g4xx_hal_dma.c ****   {
 902:Drivers/STM32G4xx_HAL_Driver/Src/stm32g4xx_hal_dma.c ****     switch (CallbackID)
 903:Drivers/STM32G4xx_HAL_Driver/Src/stm32g4xx_hal_dma.c ****     {
 904:Drivers/STM32G4xx_HAL_Driver/Src/stm32g4xx_hal_dma.c ****       case  HAL_DMA_XFER_CPLT_CB_ID:
 905:Drivers/STM32G4xx_HAL_Driver/Src/stm32g4xx_hal_dma.c ****         hdma->XferCpltCallback = NULL;
 906:Drivers/STM32G4xx_HAL_Driver/Src/stm32g4xx_hal_dma.c ****         break;
 907:Drivers/STM32G4xx_HAL_Driver/Src/stm32g4xx_hal_dma.c **** 
 908:Drivers/STM32G4xx_HAL_Driver/Src/stm32g4xx_hal_dma.c ****       case  HAL_DMA_XFER_HALFCPLT_CB_ID:
 909:Drivers/STM32G4xx_HAL_Driver/Src/stm32g4xx_hal_dma.c ****         hdma->XferHalfCpltCallback = NULL;
 910:Drivers/STM32G4xx_HAL_Driver/Src/stm32g4xx_hal_dma.c ****         break;
 911:Drivers/STM32G4xx_HAL_Driver/Src/stm32g4xx_hal_dma.c **** 
 912:Drivers/STM32G4xx_HAL_Driver/Src/stm32g4xx_hal_dma.c ****       case  HAL_DMA_XFER_ERROR_CB_ID:
 913:Drivers/STM32G4xx_HAL_Driver/Src/stm32g4xx_hal_dma.c ****         hdma->XferErrorCallback = NULL;
 914:Drivers/STM32G4xx_HAL_Driver/Src/stm32g4xx_hal_dma.c ****         break;
 915:Drivers/STM32G4xx_HAL_Driver/Src/stm32g4xx_hal_dma.c **** 
 916:Drivers/STM32G4xx_HAL_Driver/Src/stm32g4xx_hal_dma.c ****       case  HAL_DMA_XFER_ABORT_CB_ID:
 917:Drivers/STM32G4xx_HAL_Driver/Src/stm32g4xx_hal_dma.c ****         hdma->XferAbortCallback = NULL;
 918:Drivers/STM32G4xx_HAL_Driver/Src/stm32g4xx_hal_dma.c ****         break;
 919:Drivers/STM32G4xx_HAL_Driver/Src/stm32g4xx_hal_dma.c **** 
 920:Drivers/STM32G4xx_HAL_Driver/Src/stm32g4xx_hal_dma.c ****       case   HAL_DMA_XFER_ALL_CB_ID:
 921:Drivers/STM32G4xx_HAL_Driver/Src/stm32g4xx_hal_dma.c ****         hdma->XferCpltCallback = NULL;
 922:Drivers/STM32G4xx_HAL_Driver/Src/stm32g4xx_hal_dma.c ****         hdma->XferHalfCpltCallback = NULL;
 923:Drivers/STM32G4xx_HAL_Driver/Src/stm32g4xx_hal_dma.c ****         hdma->XferErrorCallback = NULL;
 924:Drivers/STM32G4xx_HAL_Driver/Src/stm32g4xx_hal_dma.c ****         hdma->XferAbortCallback = NULL;
 925:Drivers/STM32G4xx_HAL_Driver/Src/stm32g4xx_hal_dma.c ****         break;
 926:Drivers/STM32G4xx_HAL_Driver/Src/stm32g4xx_hal_dma.c **** 
 927:Drivers/STM32G4xx_HAL_Driver/Src/stm32g4xx_hal_dma.c ****       default:
 928:Drivers/STM32G4xx_HAL_Driver/Src/stm32g4xx_hal_dma.c ****         status = HAL_ERROR;
 929:Drivers/STM32G4xx_HAL_Driver/Src/stm32g4xx_hal_dma.c ****         break;
 930:Drivers/STM32G4xx_HAL_Driver/Src/stm32g4xx_hal_dma.c ****     }
 931:Drivers/STM32G4xx_HAL_Driver/Src/stm32g4xx_hal_dma.c ****   }
 932:Drivers/STM32G4xx_HAL_Driver/Src/stm32g4xx_hal_dma.c ****   else
 933:Drivers/STM32G4xx_HAL_Driver/Src/stm32g4xx_hal_dma.c ****   {
 934:Drivers/STM32G4xx_HAL_Driver/Src/stm32g4xx_hal_dma.c ****     status = HAL_ERROR;
 935:Drivers/STM32G4xx_HAL_Driver/Src/stm32g4xx_hal_dma.c ****   }
 936:Drivers/STM32G4xx_HAL_Driver/Src/stm32g4xx_hal_dma.c **** 
 937:Drivers/STM32G4xx_HAL_Driver/Src/stm32g4xx_hal_dma.c ****   /* Release Lock */
 938:Drivers/STM32G4xx_HAL_Driver/Src/stm32g4xx_hal_dma.c ****   __HAL_UNLOCK(hdma);
 939:Drivers/STM32G4xx_HAL_Driver/Src/stm32g4xx_hal_dma.c **** 
 940:Drivers/STM32G4xx_HAL_Driver/Src/stm32g4xx_hal_dma.c ****   return status;
 941:Drivers/STM32G4xx_HAL_Driver/Src/stm32g4xx_hal_dma.c **** }
 942:Drivers/STM32G4xx_HAL_Driver/Src/stm32g4xx_hal_dma.c **** 
ARM GAS  /tmp/ccE3qxy9.s 			page 18


 943:Drivers/STM32G4xx_HAL_Driver/Src/stm32g4xx_hal_dma.c **** /**
 944:Drivers/STM32G4xx_HAL_Driver/Src/stm32g4xx_hal_dma.c ****   * @}
 945:Drivers/STM32G4xx_HAL_Driver/Src/stm32g4xx_hal_dma.c ****   */
 946:Drivers/STM32G4xx_HAL_Driver/Src/stm32g4xx_hal_dma.c **** 
 947:Drivers/STM32G4xx_HAL_Driver/Src/stm32g4xx_hal_dma.c **** 
 948:Drivers/STM32G4xx_HAL_Driver/Src/stm32g4xx_hal_dma.c **** /** @defgroup DMA_Exported_Functions_Group3 Peripheral State and Errors functions
 949:Drivers/STM32G4xx_HAL_Driver/Src/stm32g4xx_hal_dma.c ****   *  @brief    Peripheral State and Errors functions
 950:Drivers/STM32G4xx_HAL_Driver/Src/stm32g4xx_hal_dma.c ****   *
 951:Drivers/STM32G4xx_HAL_Driver/Src/stm32g4xx_hal_dma.c **** @verbatim
 952:Drivers/STM32G4xx_HAL_Driver/Src/stm32g4xx_hal_dma.c ****  ===============================================================================
 953:Drivers/STM32G4xx_HAL_Driver/Src/stm32g4xx_hal_dma.c ****             ##### Peripheral State and Errors functions #####
 954:Drivers/STM32G4xx_HAL_Driver/Src/stm32g4xx_hal_dma.c ****  ===============================================================================
 955:Drivers/STM32G4xx_HAL_Driver/Src/stm32g4xx_hal_dma.c ****     [..]
 956:Drivers/STM32G4xx_HAL_Driver/Src/stm32g4xx_hal_dma.c ****     This subsection provides functions allowing to
 957:Drivers/STM32G4xx_HAL_Driver/Src/stm32g4xx_hal_dma.c ****       (+) Check the DMA state
 958:Drivers/STM32G4xx_HAL_Driver/Src/stm32g4xx_hal_dma.c ****       (+) Get error code
 959:Drivers/STM32G4xx_HAL_Driver/Src/stm32g4xx_hal_dma.c **** 
 960:Drivers/STM32G4xx_HAL_Driver/Src/stm32g4xx_hal_dma.c **** @endverbatim
 961:Drivers/STM32G4xx_HAL_Driver/Src/stm32g4xx_hal_dma.c ****   * @{
 962:Drivers/STM32G4xx_HAL_Driver/Src/stm32g4xx_hal_dma.c ****   */
 963:Drivers/STM32G4xx_HAL_Driver/Src/stm32g4xx_hal_dma.c **** 
 964:Drivers/STM32G4xx_HAL_Driver/Src/stm32g4xx_hal_dma.c **** /**
 965:Drivers/STM32G4xx_HAL_Driver/Src/stm32g4xx_hal_dma.c ****   * @brief  Return the DMA hande state.
 966:Drivers/STM32G4xx_HAL_Driver/Src/stm32g4xx_hal_dma.c ****   * @param  hdma pointer to a DMA_HandleTypeDef structure that contains
 967:Drivers/STM32G4xx_HAL_Driver/Src/stm32g4xx_hal_dma.c ****   *               the configuration information for the specified DMA Channel.
 968:Drivers/STM32G4xx_HAL_Driver/Src/stm32g4xx_hal_dma.c ****   * @retval HAL state
 969:Drivers/STM32G4xx_HAL_Driver/Src/stm32g4xx_hal_dma.c ****   */
 970:Drivers/STM32G4xx_HAL_Driver/Src/stm32g4xx_hal_dma.c **** HAL_DMA_StateTypeDef HAL_DMA_GetState(DMA_HandleTypeDef *hdma)
 971:Drivers/STM32G4xx_HAL_Driver/Src/stm32g4xx_hal_dma.c **** {
 972:Drivers/STM32G4xx_HAL_Driver/Src/stm32g4xx_hal_dma.c ****   /* Return DMA handle state */
 973:Drivers/STM32G4xx_HAL_Driver/Src/stm32g4xx_hal_dma.c ****   return hdma->State;
 974:Drivers/STM32G4xx_HAL_Driver/Src/stm32g4xx_hal_dma.c **** }
 975:Drivers/STM32G4xx_HAL_Driver/Src/stm32g4xx_hal_dma.c **** 
 976:Drivers/STM32G4xx_HAL_Driver/Src/stm32g4xx_hal_dma.c **** /**
 977:Drivers/STM32G4xx_HAL_Driver/Src/stm32g4xx_hal_dma.c ****   * @brief  Return the DMA error code.
 978:Drivers/STM32G4xx_HAL_Driver/Src/stm32g4xx_hal_dma.c ****   * @param  hdma : pointer to a DMA_HandleTypeDef structure that contains
 979:Drivers/STM32G4xx_HAL_Driver/Src/stm32g4xx_hal_dma.c ****   *              the configuration information for the specified DMA Channel.
 980:Drivers/STM32G4xx_HAL_Driver/Src/stm32g4xx_hal_dma.c ****   * @retval DMA Error Code
 981:Drivers/STM32G4xx_HAL_Driver/Src/stm32g4xx_hal_dma.c ****   */
 982:Drivers/STM32G4xx_HAL_Driver/Src/stm32g4xx_hal_dma.c **** uint32_t HAL_DMA_GetError(DMA_HandleTypeDef *hdma)
 983:Drivers/STM32G4xx_HAL_Driver/Src/stm32g4xx_hal_dma.c **** {
 984:Drivers/STM32G4xx_HAL_Driver/Src/stm32g4xx_hal_dma.c ****   return hdma->ErrorCode;
 985:Drivers/STM32G4xx_HAL_Driver/Src/stm32g4xx_hal_dma.c **** }
 986:Drivers/STM32G4xx_HAL_Driver/Src/stm32g4xx_hal_dma.c **** 
 987:Drivers/STM32G4xx_HAL_Driver/Src/stm32g4xx_hal_dma.c **** /**
 988:Drivers/STM32G4xx_HAL_Driver/Src/stm32g4xx_hal_dma.c ****   * @}
 989:Drivers/STM32G4xx_HAL_Driver/Src/stm32g4xx_hal_dma.c ****   */
 990:Drivers/STM32G4xx_HAL_Driver/Src/stm32g4xx_hal_dma.c **** 
 991:Drivers/STM32G4xx_HAL_Driver/Src/stm32g4xx_hal_dma.c **** /**
 992:Drivers/STM32G4xx_HAL_Driver/Src/stm32g4xx_hal_dma.c ****   * @}
 993:Drivers/STM32G4xx_HAL_Driver/Src/stm32g4xx_hal_dma.c ****   */
 994:Drivers/STM32G4xx_HAL_Driver/Src/stm32g4xx_hal_dma.c **** 
 995:Drivers/STM32G4xx_HAL_Driver/Src/stm32g4xx_hal_dma.c **** /** @addtogroup DMA_Private_Functions
 996:Drivers/STM32G4xx_HAL_Driver/Src/stm32g4xx_hal_dma.c ****   * @{
 997:Drivers/STM32G4xx_HAL_Driver/Src/stm32g4xx_hal_dma.c ****   */
 998:Drivers/STM32G4xx_HAL_Driver/Src/stm32g4xx_hal_dma.c **** 
 999:Drivers/STM32G4xx_HAL_Driver/Src/stm32g4xx_hal_dma.c **** /**
ARM GAS  /tmp/ccE3qxy9.s 			page 19


1000:Drivers/STM32G4xx_HAL_Driver/Src/stm32g4xx_hal_dma.c ****   * @brief  Sets the DMA Transfer parameter.
1001:Drivers/STM32G4xx_HAL_Driver/Src/stm32g4xx_hal_dma.c ****   * @param  hdma       pointer to a DMA_HandleTypeDef structure that contains
1002:Drivers/STM32G4xx_HAL_Driver/Src/stm32g4xx_hal_dma.c ****   *                     the configuration information for the specified DMA Channel.
1003:Drivers/STM32G4xx_HAL_Driver/Src/stm32g4xx_hal_dma.c ****   * @param  SrcAddress The source memory Buffer address
1004:Drivers/STM32G4xx_HAL_Driver/Src/stm32g4xx_hal_dma.c ****   * @param  DstAddress The destination memory Buffer address
1005:Drivers/STM32G4xx_HAL_Driver/Src/stm32g4xx_hal_dma.c ****   * @param  DataLength The length of data to be transferred from source to destination
1006:Drivers/STM32G4xx_HAL_Driver/Src/stm32g4xx_hal_dma.c ****   * @retval HAL status
1007:Drivers/STM32G4xx_HAL_Driver/Src/stm32g4xx_hal_dma.c ****   */
1008:Drivers/STM32G4xx_HAL_Driver/Src/stm32g4xx_hal_dma.c **** static void DMA_SetConfig(DMA_HandleTypeDef *hdma, uint32_t SrcAddress, uint32_t DstAddress, uint32
1009:Drivers/STM32G4xx_HAL_Driver/Src/stm32g4xx_hal_dma.c **** {
  29              		.loc 1 1009 1 view -0
  30              		.cfi_startproc
  31              		@ args = 0, pretend = 0, frame = 0
  32              		@ frame_needed = 0, uses_anonymous_args = 0
  33              		@ link register save eliminated.
  34              		.loc 1 1009 1 is_stmt 0 view .LVU1
  35 0000 30B4     		push	{r4, r5}
  36              	.LCFI0:
  37              		.cfi_def_cfa_offset 8
  38              		.cfi_offset 4, -8
  39              		.cfi_offset 5, -4
1010:Drivers/STM32G4xx_HAL_Driver/Src/stm32g4xx_hal_dma.c ****   /* Clear the DMAMUX synchro overrun flag */
1011:Drivers/STM32G4xx_HAL_Driver/Src/stm32g4xx_hal_dma.c ****   hdma->DMAmuxChannelStatus->CFR = hdma->DMAmuxChannelStatusMask;
  40              		.loc 1 1011 3 is_stmt 1 view .LVU2
  41              		.loc 1 1011 7 is_stmt 0 view .LVU3
  42 0002 C46C     		ldr	r4, [r0, #76]
  43              		.loc 1 1011 34 view .LVU4
  44 0004 056D     		ldr	r5, [r0, #80]
  45 0006 6560     		str	r5, [r4, #4]
1012:Drivers/STM32G4xx_HAL_Driver/Src/stm32g4xx_hal_dma.c **** 
1013:Drivers/STM32G4xx_HAL_Driver/Src/stm32g4xx_hal_dma.c ****   if (hdma->DMAmuxRequestGen != 0U)
  46              		.loc 1 1013 3 is_stmt 1 view .LVU5
  47              		.loc 1 1013 11 is_stmt 0 view .LVU6
  48 0008 446D     		ldr	r4, [r0, #84]
  49              		.loc 1 1013 6 view .LVU7
  50 000a 14B1     		cbz	r4, .L2
1014:Drivers/STM32G4xx_HAL_Driver/Src/stm32g4xx_hal_dma.c ****   {
1015:Drivers/STM32G4xx_HAL_Driver/Src/stm32g4xx_hal_dma.c ****     /* Clear the DMAMUX request generator overrun flag */
1016:Drivers/STM32G4xx_HAL_Driver/Src/stm32g4xx_hal_dma.c ****     hdma->DMAmuxRequestGenStatus->RGCFR = hdma->DMAmuxRequestGenStatusMask;
  51              		.loc 1 1016 5 is_stmt 1 view .LVU8
  52              		.loc 1 1016 9 is_stmt 0 view .LVU9
  53 000c 846D     		ldr	r4, [r0, #88]
  54              		.loc 1 1016 41 view .LVU10
  55 000e C56D     		ldr	r5, [r0, #92]
  56 0010 6560     		str	r5, [r4, #4]
  57              	.L2:
1017:Drivers/STM32G4xx_HAL_Driver/Src/stm32g4xx_hal_dma.c ****   }
1018:Drivers/STM32G4xx_HAL_Driver/Src/stm32g4xx_hal_dma.c **** 
1019:Drivers/STM32G4xx_HAL_Driver/Src/stm32g4xx_hal_dma.c ****   /* Clear all flags */
1020:Drivers/STM32G4xx_HAL_Driver/Src/stm32g4xx_hal_dma.c ****   hdma->DmaBaseAddress->IFCR = (DMA_ISR_GIF1 << (hdma->ChannelIndex & 0x1FU));
  58              		.loc 1 1020 3 is_stmt 1 view .LVU11
  59              		.loc 1 1020 54 is_stmt 0 view .LVU12
  60 0012 446C     		ldr	r4, [r0, #68]
  61              		.loc 1 1020 69 view .LVU13
  62 0014 04F01F0C 		and	ip, r4, #31
  63              		.loc 1 1020 46 view .LVU14
  64 0018 0124     		movs	r4, #1
ARM GAS  /tmp/ccE3qxy9.s 			page 20


  65 001a 04FA0CF4 		lsl	r4, r4, ip
  66              		.loc 1 1020 30 view .LVU15
  67 001e 056C     		ldr	r5, [r0, #64]
  68 0020 6C60     		str	r4, [r5, #4]
1021:Drivers/STM32G4xx_HAL_Driver/Src/stm32g4xx_hal_dma.c **** 
1022:Drivers/STM32G4xx_HAL_Driver/Src/stm32g4xx_hal_dma.c ****   /* Configure DMA Channel data length */
1023:Drivers/STM32G4xx_HAL_Driver/Src/stm32g4xx_hal_dma.c ****   hdma->Instance->CNDTR = DataLength;
  69              		.loc 1 1023 3 is_stmt 1 view .LVU16
  70              		.loc 1 1023 7 is_stmt 0 view .LVU17
  71 0022 0468     		ldr	r4, [r0]
  72              		.loc 1 1023 25 view .LVU18
  73 0024 6360     		str	r3, [r4, #4]
1024:Drivers/STM32G4xx_HAL_Driver/Src/stm32g4xx_hal_dma.c **** 
1025:Drivers/STM32G4xx_HAL_Driver/Src/stm32g4xx_hal_dma.c ****   /* Memory to Peripheral */
1026:Drivers/STM32G4xx_HAL_Driver/Src/stm32g4xx_hal_dma.c ****   if ((hdma->Init.Direction) == DMA_MEMORY_TO_PERIPH)
  74              		.loc 1 1026 3 is_stmt 1 view .LVU19
  75              		.loc 1 1026 18 is_stmt 0 view .LVU20
  76 0026 8368     		ldr	r3, [r0, #8]
  77              	.LVL1:
  78              		.loc 1 1026 6 view .LVU21
  79 0028 102B     		cmp	r3, #16
  80 002a 05D0     		beq	.L6
1027:Drivers/STM32G4xx_HAL_Driver/Src/stm32g4xx_hal_dma.c ****   {
1028:Drivers/STM32G4xx_HAL_Driver/Src/stm32g4xx_hal_dma.c ****     /* Configure DMA Channel destination address */
1029:Drivers/STM32G4xx_HAL_Driver/Src/stm32g4xx_hal_dma.c ****     hdma->Instance->CPAR = DstAddress;
1030:Drivers/STM32G4xx_HAL_Driver/Src/stm32g4xx_hal_dma.c **** 
1031:Drivers/STM32G4xx_HAL_Driver/Src/stm32g4xx_hal_dma.c ****     /* Configure DMA Channel source address */
1032:Drivers/STM32G4xx_HAL_Driver/Src/stm32g4xx_hal_dma.c ****     hdma->Instance->CMAR = SrcAddress;
1033:Drivers/STM32G4xx_HAL_Driver/Src/stm32g4xx_hal_dma.c ****   }
1034:Drivers/STM32G4xx_HAL_Driver/Src/stm32g4xx_hal_dma.c ****   /* Peripheral to Memory */
1035:Drivers/STM32G4xx_HAL_Driver/Src/stm32g4xx_hal_dma.c ****   else
1036:Drivers/STM32G4xx_HAL_Driver/Src/stm32g4xx_hal_dma.c ****   {
1037:Drivers/STM32G4xx_HAL_Driver/Src/stm32g4xx_hal_dma.c ****     /* Configure DMA Channel source address */
1038:Drivers/STM32G4xx_HAL_Driver/Src/stm32g4xx_hal_dma.c ****     hdma->Instance->CPAR = SrcAddress;
  81              		.loc 1 1038 5 is_stmt 1 view .LVU22
  82              		.loc 1 1038 9 is_stmt 0 view .LVU23
  83 002c 0368     		ldr	r3, [r0]
  84              		.loc 1 1038 26 view .LVU24
  85 002e 9960     		str	r1, [r3, #8]
  86              	.LVL2:
1039:Drivers/STM32G4xx_HAL_Driver/Src/stm32g4xx_hal_dma.c **** 
1040:Drivers/STM32G4xx_HAL_Driver/Src/stm32g4xx_hal_dma.c ****     /* Configure DMA Channel destination address */
1041:Drivers/STM32G4xx_HAL_Driver/Src/stm32g4xx_hal_dma.c ****     hdma->Instance->CMAR = DstAddress;
  87              		.loc 1 1041 5 is_stmt 1 view .LVU25
  88              		.loc 1 1041 9 is_stmt 0 view .LVU26
  89 0030 0368     		ldr	r3, [r0]
  90              		.loc 1 1041 26 view .LVU27
  91 0032 DA60     		str	r2, [r3, #12]
  92              	.L1:
1042:Drivers/STM32G4xx_HAL_Driver/Src/stm32g4xx_hal_dma.c ****   }
1043:Drivers/STM32G4xx_HAL_Driver/Src/stm32g4xx_hal_dma.c **** }
  93              		.loc 1 1043 1 view .LVU28
  94 0034 30BC     		pop	{r4, r5}
  95              	.LCFI1:
  96              		.cfi_remember_state
  97              		.cfi_restore 5
  98              		.cfi_restore 4
ARM GAS  /tmp/ccE3qxy9.s 			page 21


  99              		.cfi_def_cfa_offset 0
 100 0036 7047     		bx	lr
 101              	.LVL3:
 102              	.L6:
 103              	.LCFI2:
 104              		.cfi_restore_state
1029:Drivers/STM32G4xx_HAL_Driver/Src/stm32g4xx_hal_dma.c **** 
 105              		.loc 1 1029 5 is_stmt 1 view .LVU29
1029:Drivers/STM32G4xx_HAL_Driver/Src/stm32g4xx_hal_dma.c **** 
 106              		.loc 1 1029 9 is_stmt 0 view .LVU30
 107 0038 0368     		ldr	r3, [r0]
1029:Drivers/STM32G4xx_HAL_Driver/Src/stm32g4xx_hal_dma.c **** 
 108              		.loc 1 1029 26 view .LVU31
 109 003a 9A60     		str	r2, [r3, #8]
 110              	.LVL4:
1032:Drivers/STM32G4xx_HAL_Driver/Src/stm32g4xx_hal_dma.c ****   }
 111              		.loc 1 1032 5 is_stmt 1 view .LVU32
1032:Drivers/STM32G4xx_HAL_Driver/Src/stm32g4xx_hal_dma.c ****   }
 112              		.loc 1 1032 9 is_stmt 0 view .LVU33
 113 003c 0368     		ldr	r3, [r0]
1032:Drivers/STM32G4xx_HAL_Driver/Src/stm32g4xx_hal_dma.c ****   }
 114              		.loc 1 1032 26 view .LVU34
 115 003e D960     		str	r1, [r3, #12]
 116 0040 F8E7     		b	.L1
 117              		.cfi_endproc
 118              	.LFE341:
 120              		.section	.text.DMA_CalcDMAMUXChannelBaseAndMask,"ax",%progbits
 121              		.align	1
 122              		.syntax unified
 123              		.thumb
 124              		.thumb_func
 126              	DMA_CalcDMAMUXChannelBaseAndMask:
 127              	.LVL5:
 128              	.LFB342:
1044:Drivers/STM32G4xx_HAL_Driver/Src/stm32g4xx_hal_dma.c **** 
1045:Drivers/STM32G4xx_HAL_Driver/Src/stm32g4xx_hal_dma.c **** /**
1046:Drivers/STM32G4xx_HAL_Driver/Src/stm32g4xx_hal_dma.c ****   * @brief  Updates the DMA handle with the DMAMUX  channel and status mask depending on stream num
1047:Drivers/STM32G4xx_HAL_Driver/Src/stm32g4xx_hal_dma.c ****   * @param  hdma        pointer to a DMA_HandleTypeDef structure that contains
1048:Drivers/STM32G4xx_HAL_Driver/Src/stm32g4xx_hal_dma.c ****   *                     the configuration information for the specified DMA Stream.
1049:Drivers/STM32G4xx_HAL_Driver/Src/stm32g4xx_hal_dma.c ****   * @retval None
1050:Drivers/STM32G4xx_HAL_Driver/Src/stm32g4xx_hal_dma.c ****   */
1051:Drivers/STM32G4xx_HAL_Driver/Src/stm32g4xx_hal_dma.c **** static void DMA_CalcDMAMUXChannelBaseAndMask(DMA_HandleTypeDef *hdma)
1052:Drivers/STM32G4xx_HAL_Driver/Src/stm32g4xx_hal_dma.c **** {
 129              		.loc 1 1052 1 is_stmt 1 view -0
 130              		.cfi_startproc
 131              		@ args = 0, pretend = 0, frame = 0
 132              		@ frame_needed = 0, uses_anonymous_args = 0
 133              		@ link register save eliminated.
1053:Drivers/STM32G4xx_HAL_Driver/Src/stm32g4xx_hal_dma.c ****   uint32_t dmamux_base_addr;
 134              		.loc 1 1053 3 view .LVU36
1054:Drivers/STM32G4xx_HAL_Driver/Src/stm32g4xx_hal_dma.c ****   uint32_t channel_number;
 135              		.loc 1 1054 3 view .LVU37
1055:Drivers/STM32G4xx_HAL_Driver/Src/stm32g4xx_hal_dma.c ****   DMAMUX_Channel_TypeDef *DMAMUX1_ChannelBase;
 136              		.loc 1 1055 3 view .LVU38
1056:Drivers/STM32G4xx_HAL_Driver/Src/stm32g4xx_hal_dma.c **** 
1057:Drivers/STM32G4xx_HAL_Driver/Src/stm32g4xx_hal_dma.c ****   /* check if instance is not outside the DMA channel range */
1058:Drivers/STM32G4xx_HAL_Driver/Src/stm32g4xx_hal_dma.c ****   if ((uint32_t)hdma->Instance < (uint32_t)DMA2_Channel1)
ARM GAS  /tmp/ccE3qxy9.s 			page 22


 137              		.loc 1 1058 3 view .LVU39
 138              		.loc 1 1058 21 is_stmt 0 view .LVU40
 139 0000 0368     		ldr	r3, [r0]
 140              		.loc 1 1058 6 view .LVU41
 141 0002 104A     		ldr	r2, .L10
 142 0004 9342     		cmp	r3, r2
 143 0006 14D8     		bhi	.L8
1059:Drivers/STM32G4xx_HAL_Driver/Src/stm32g4xx_hal_dma.c ****   {
1060:Drivers/STM32G4xx_HAL_Driver/Src/stm32g4xx_hal_dma.c ****     /* DMA1 */
1061:Drivers/STM32G4xx_HAL_Driver/Src/stm32g4xx_hal_dma.c ****     DMAMUX1_ChannelBase = DMAMUX1_Channel0;
 144              		.loc 1 1061 5 is_stmt 1 view .LVU42
 145              	.LVL6:
1062:Drivers/STM32G4xx_HAL_Driver/Src/stm32g4xx_hal_dma.c ****     channel_number = (((uint32_t)hdma->Instance & 0xFFU) - 8U) / 20U;
 146              		.loc 1 1062 5 view .LVU43
 147              		.loc 1 1062 49 is_stmt 0 view .LVU44
 148 0008 DBB2     		uxtb	r3, r3
 149              		.loc 1 1062 58 view .LVU45
 150 000a 083B     		subs	r3, r3, #8
 151              		.loc 1 1062 20 view .LVU46
 152 000c 0E4A     		ldr	r2, .L10+4
 153 000e A2FB0323 		umull	r2, r3, r2, r3
 154 0012 1B09     		lsrs	r3, r3, #4
 155              	.LVL7:
1061:Drivers/STM32G4xx_HAL_Driver/Src/stm32g4xx_hal_dma.c ****     channel_number = (((uint32_t)hdma->Instance & 0xFFU) - 8U) / 20U;
 156              		.loc 1 1061 25 view .LVU47
 157 0014 0D49     		ldr	r1, .L10+8
 158              	.LVL8:
 159              	.L9:
1063:Drivers/STM32G4xx_HAL_Driver/Src/stm32g4xx_hal_dma.c ****   }
1064:Drivers/STM32G4xx_HAL_Driver/Src/stm32g4xx_hal_dma.c ****   else
1065:Drivers/STM32G4xx_HAL_Driver/Src/stm32g4xx_hal_dma.c ****   {
1066:Drivers/STM32G4xx_HAL_Driver/Src/stm32g4xx_hal_dma.c ****     /* DMA2 */
1067:Drivers/STM32G4xx_HAL_Driver/Src/stm32g4xx_hal_dma.c **** #if defined (STM32G471xx) || defined (STM32G473xx) || defined (STM32G474xx) || defined (STM32G414xx
1068:Drivers/STM32G4xx_HAL_Driver/Src/stm32g4xx_hal_dma.c ****     DMAMUX1_ChannelBase = DMAMUX1_Channel8;
1069:Drivers/STM32G4xx_HAL_Driver/Src/stm32g4xx_hal_dma.c ****     channel_number = ((((uint32_t)hdma->Instance & 0xFFU) - 8U) / 20U) + 8U;
1070:Drivers/STM32G4xx_HAL_Driver/Src/stm32g4xx_hal_dma.c **** #elif defined (STM32G411xB) || defined (STM32G431xx) || defined (STM32G441xx) || defined (STM32GBK1
1071:Drivers/STM32G4xx_HAL_Driver/Src/stm32g4xx_hal_dma.c ****     DMAMUX1_ChannelBase = DMAMUX1_Channel6;
1072:Drivers/STM32G4xx_HAL_Driver/Src/stm32g4xx_hal_dma.c ****     channel_number = ((((uint32_t)hdma->Instance & 0xFFU) - 8U) / 20U) + 6U;
1073:Drivers/STM32G4xx_HAL_Driver/Src/stm32g4xx_hal_dma.c **** #else
1074:Drivers/STM32G4xx_HAL_Driver/Src/stm32g4xx_hal_dma.c ****     DMAMUX1_ChannelBase = DMAMUX1_Channel7;
1075:Drivers/STM32G4xx_HAL_Driver/Src/stm32g4xx_hal_dma.c ****     channel_number = ((((uint32_t)hdma->Instance & 0xFFU) - 8U) / 20U) + 7U;
1076:Drivers/STM32G4xx_HAL_Driver/Src/stm32g4xx_hal_dma.c **** #endif /* STM32G4x1xx) */
1077:Drivers/STM32G4xx_HAL_Driver/Src/stm32g4xx_hal_dma.c ****   }
1078:Drivers/STM32G4xx_HAL_Driver/Src/stm32g4xx_hal_dma.c **** 
1079:Drivers/STM32G4xx_HAL_Driver/Src/stm32g4xx_hal_dma.c ****   dmamux_base_addr = (uint32_t)DMAMUX1_ChannelBase;
 160              		.loc 1 1079 3 is_stmt 1 view .LVU48
1080:Drivers/STM32G4xx_HAL_Driver/Src/stm32g4xx_hal_dma.c ****   hdma->DMAmuxChannel = (DMAMUX_Channel_TypeDef *)(uint32_t)(dmamux_base_addr + ((hdma->ChannelInde
 161              		.loc 1 1080 3 view .LVU49
 162              		.loc 1 1080 87 is_stmt 0 view .LVU50
 163 0016 426C     		ldr	r2, [r0, #68]
 164              		.loc 1 1080 109 view .LVU51
 165 0018 22F00302 		bic	r2, r2, #3
 166              		.loc 1 1080 51 view .LVU52
 167 001c 0A44     		add	r2, r2, r1
 168              		.loc 1 1080 23 view .LVU53
 169 001e 8264     		str	r2, [r0, #72]
1081:Drivers/STM32G4xx_HAL_Driver/Src/stm32g4xx_hal_dma.c ****   hdma->DMAmuxChannelStatus = DMAMUX1_ChannelStatus;
ARM GAS  /tmp/ccE3qxy9.s 			page 23


 170              		.loc 1 1081 3 is_stmt 1 view .LVU54
 171              		.loc 1 1081 29 is_stmt 0 view .LVU55
 172 0020 0B4A     		ldr	r2, .L10+12
 173 0022 C264     		str	r2, [r0, #76]
1082:Drivers/STM32G4xx_HAL_Driver/Src/stm32g4xx_hal_dma.c ****   hdma->DMAmuxChannelStatusMask = 1UL << (channel_number & 0x1FU);
 174              		.loc 1 1082 3 is_stmt 1 view .LVU56
 175              		.loc 1 1082 58 is_stmt 0 view .LVU57
 176 0024 03F01F03 		and	r3, r3, #31
 177              	.LVL9:
 178              		.loc 1 1082 39 view .LVU58
 179 0028 0122     		movs	r2, #1
 180 002a 02FA03F3 		lsl	r3, r2, r3
 181              		.loc 1 1082 33 view .LVU59
 182 002e 0365     		str	r3, [r0, #80]
1083:Drivers/STM32G4xx_HAL_Driver/Src/stm32g4xx_hal_dma.c **** }
 183              		.loc 1 1083 1 view .LVU60
 184 0030 7047     		bx	lr
 185              	.LVL10:
 186              	.L8:
1068:Drivers/STM32G4xx_HAL_Driver/Src/stm32g4xx_hal_dma.c ****     channel_number = ((((uint32_t)hdma->Instance & 0xFFU) - 8U) / 20U) + 8U;
 187              		.loc 1 1068 5 is_stmt 1 view .LVU61
1069:Drivers/STM32G4xx_HAL_Driver/Src/stm32g4xx_hal_dma.c **** #elif defined (STM32G411xB) || defined (STM32G431xx) || defined (STM32G441xx) || defined (STM32GBK1
 188              		.loc 1 1069 5 view .LVU62
1069:Drivers/STM32G4xx_HAL_Driver/Src/stm32g4xx_hal_dma.c **** #elif defined (STM32G411xB) || defined (STM32G431xx) || defined (STM32G441xx) || defined (STM32GBK1
 189              		.loc 1 1069 50 is_stmt 0 view .LVU63
 190 0032 DBB2     		uxtb	r3, r3
1069:Drivers/STM32G4xx_HAL_Driver/Src/stm32g4xx_hal_dma.c **** #elif defined (STM32G411xB) || defined (STM32G431xx) || defined (STM32G441xx) || defined (STM32GBK1
 191              		.loc 1 1069 59 view .LVU64
 192 0034 083B     		subs	r3, r3, #8
1069:Drivers/STM32G4xx_HAL_Driver/Src/stm32g4xx_hal_dma.c **** #elif defined (STM32G411xB) || defined (STM32G431xx) || defined (STM32G441xx) || defined (STM32GBK1
 193              		.loc 1 1069 65 view .LVU65
 194 0036 044A     		ldr	r2, .L10+4
 195 0038 A2FB0323 		umull	r2, r3, r2, r3
 196 003c 1B09     		lsrs	r3, r3, #4
1069:Drivers/STM32G4xx_HAL_Driver/Src/stm32g4xx_hal_dma.c **** #elif defined (STM32G411xB) || defined (STM32G431xx) || defined (STM32G441xx) || defined (STM32GBK1
 197              		.loc 1 1069 20 view .LVU66
 198 003e 0833     		adds	r3, r3, #8
 199              	.LVL11:
1068:Drivers/STM32G4xx_HAL_Driver/Src/stm32g4xx_hal_dma.c ****     channel_number = ((((uint32_t)hdma->Instance & 0xFFU) - 8U) / 20U) + 8U;
 200              		.loc 1 1068 25 view .LVU67
 201 0040 0449     		ldr	r1, .L10+16
 202 0042 E8E7     		b	.L9
 203              	.L11:
 204              		.align	2
 205              	.L10:
 206 0044 07040240 		.word	1073873927
 207 0048 CDCCCCCC 		.word	-858993459
 208 004c 00080240 		.word	1073874944
 209 0050 80080240 		.word	1073875072
 210 0054 20080240 		.word	1073874976
 211              		.cfi_endproc
 212              	.LFE342:
 214              		.section	.text.DMA_CalcDMAMUXRequestGenBaseAndMask,"ax",%progbits
 215              		.align	1
 216              		.syntax unified
 217              		.thumb
 218              		.thumb_func
ARM GAS  /tmp/ccE3qxy9.s 			page 24


 220              	DMA_CalcDMAMUXRequestGenBaseAndMask:
 221              	.LVL12:
 222              	.LFB343:
1084:Drivers/STM32G4xx_HAL_Driver/Src/stm32g4xx_hal_dma.c **** 
1085:Drivers/STM32G4xx_HAL_Driver/Src/stm32g4xx_hal_dma.c **** /**
1086:Drivers/STM32G4xx_HAL_Driver/Src/stm32g4xx_hal_dma.c ****   * @brief  Updates the DMA handle with the DMAMUX  request generator params
1087:Drivers/STM32G4xx_HAL_Driver/Src/stm32g4xx_hal_dma.c ****   * @param  hdma        pointer to a DMA_HandleTypeDef structure that contains
1088:Drivers/STM32G4xx_HAL_Driver/Src/stm32g4xx_hal_dma.c ****   *                     the configuration information for the specified DMA Channel.
1089:Drivers/STM32G4xx_HAL_Driver/Src/stm32g4xx_hal_dma.c ****   * @retval None
1090:Drivers/STM32G4xx_HAL_Driver/Src/stm32g4xx_hal_dma.c ****   */
1091:Drivers/STM32G4xx_HAL_Driver/Src/stm32g4xx_hal_dma.c **** 
1092:Drivers/STM32G4xx_HAL_Driver/Src/stm32g4xx_hal_dma.c **** static void DMA_CalcDMAMUXRequestGenBaseAndMask(DMA_HandleTypeDef *hdma)
1093:Drivers/STM32G4xx_HAL_Driver/Src/stm32g4xx_hal_dma.c **** {
 223              		.loc 1 1093 1 is_stmt 1 view -0
 224              		.cfi_startproc
 225              		@ args = 0, pretend = 0, frame = 0
 226              		@ frame_needed = 0, uses_anonymous_args = 0
 227              		@ link register save eliminated.
1094:Drivers/STM32G4xx_HAL_Driver/Src/stm32g4xx_hal_dma.c ****   uint32_t request =  hdma->Init.Request & DMAMUX_CxCR_DMAREQ_ID;
 228              		.loc 1 1094 3 view .LVU69
 229              		.loc 1 1094 33 is_stmt 0 view .LVU70
 230 0000 4368     		ldr	r3, [r0, #4]
 231              		.loc 1 1094 12 view .LVU71
 232 0002 03F07F03 		and	r3, r3, #127
 233              	.LVL13:
1095:Drivers/STM32G4xx_HAL_Driver/Src/stm32g4xx_hal_dma.c **** 
1096:Drivers/STM32G4xx_HAL_Driver/Src/stm32g4xx_hal_dma.c ****   /* DMA Channels are connected to DMAMUX1 request generator blocks*/
1097:Drivers/STM32G4xx_HAL_Driver/Src/stm32g4xx_hal_dma.c ****   hdma->DMAmuxRequestGen = (DMAMUX_RequestGen_TypeDef *)((uint32_t)(((uint32_t)DMAMUX1_RequestGener
 234              		.loc 1 1097 3 is_stmt 1 view .LVU72
 235              		.loc 1 1097 58 is_stmt 0 view .LVU73
 236 0006 074A     		ldr	r2, .L13
 237 0008 1A44     		add	r2, r2, r3
 238 000a 9200     		lsls	r2, r2, #2
 239              		.loc 1 1097 26 view .LVU74
 240 000c 4265     		str	r2, [r0, #84]
1098:Drivers/STM32G4xx_HAL_Driver/Src/stm32g4xx_hal_dma.c **** 
1099:Drivers/STM32G4xx_HAL_Driver/Src/stm32g4xx_hal_dma.c ****   hdma->DMAmuxRequestGenStatus = DMAMUX1_RequestGenStatus;
 241              		.loc 1 1099 3 is_stmt 1 view .LVU75
 242              		.loc 1 1099 32 is_stmt 0 view .LVU76
 243 000e 064A     		ldr	r2, .L13+4
 244 0010 8265     		str	r2, [r0, #88]
1100:Drivers/STM32G4xx_HAL_Driver/Src/stm32g4xx_hal_dma.c **** 
1101:Drivers/STM32G4xx_HAL_Driver/Src/stm32g4xx_hal_dma.c ****   hdma->DMAmuxRequestGenStatusMask = 1UL << ((request - 1U) & 0x1FU);
 245              		.loc 1 1101 3 is_stmt 1 view .LVU77
 246              		.loc 1 1101 55 is_stmt 0 view .LVU78
 247 0012 013B     		subs	r3, r3, #1
 248              	.LVL14:
 249              		.loc 1 1101 61 view .LVU79
 250 0014 03F01F03 		and	r3, r3, #31
 251              	.LVL15:
 252              		.loc 1 1101 42 view .LVU80
 253 0018 0122     		movs	r2, #1
 254 001a 02FA03F3 		lsl	r3, r2, r3
 255              		.loc 1 1101 36 view .LVU81
 256 001e C365     		str	r3, [r0, #92]
1102:Drivers/STM32G4xx_HAL_Driver/Src/stm32g4xx_hal_dma.c **** }
 257              		.loc 1 1102 1 view .LVU82
ARM GAS  /tmp/ccE3qxy9.s 			page 25


 258 0020 7047     		bx	lr
 259              	.L14:
 260 0022 00BF     		.align	2
 261              	.L13:
 262 0024 3F820010 		.word	268468799
 263 0028 40090240 		.word	1073875264
 264              		.cfi_endproc
 265              	.LFE343:
 267              		.section	.text.HAL_DMA_Init,"ax",%progbits
 268              		.align	1
 269              		.global	HAL_DMA_Init
 270              		.syntax unified
 271              		.thumb
 272              		.thumb_func
 274              	HAL_DMA_Init:
 275              	.LVL16:
 276              	.LFB329:
 153:Drivers/STM32G4xx_HAL_Driver/Src/stm32g4xx_hal_dma.c ****   uint32_t tmp;
 277              		.loc 1 153 1 is_stmt 1 view -0
 278              		.cfi_startproc
 279              		@ args = 0, pretend = 0, frame = 0
 280              		@ frame_needed = 0, uses_anonymous_args = 0
 154:Drivers/STM32G4xx_HAL_Driver/Src/stm32g4xx_hal_dma.c **** 
 281              		.loc 1 154 3 view .LVU84
 157:Drivers/STM32G4xx_HAL_Driver/Src/stm32g4xx_hal_dma.c ****   {
 282              		.loc 1 157 3 view .LVU85
 157:Drivers/STM32G4xx_HAL_Driver/Src/stm32g4xx_hal_dma.c ****   {
 283              		.loc 1 157 6 is_stmt 0 view .LVU86
 284 0000 0028     		cmp	r0, #0
 285 0002 5BD0     		beq	.L22
 153:Drivers/STM32G4xx_HAL_Driver/Src/stm32g4xx_hal_dma.c ****   uint32_t tmp;
 286              		.loc 1 153 1 view .LVU87
 287 0004 10B5     		push	{r4, lr}
 288              	.LCFI3:
 289              		.cfi_def_cfa_offset 8
 290              		.cfi_offset 4, -8
 291              		.cfi_offset 14, -4
 292 0006 0446     		mov	r4, r0
 163:Drivers/STM32G4xx_HAL_Driver/Src/stm32g4xx_hal_dma.c ****   assert_param(IS_DMA_DIRECTION(hdma->Init.Direction));
 293              		.loc 1 163 3 is_stmt 1 view .LVU88
 164:Drivers/STM32G4xx_HAL_Driver/Src/stm32g4xx_hal_dma.c ****   assert_param(IS_DMA_PERIPHERAL_INC_STATE(hdma->Init.PeriphInc));
 294              		.loc 1 164 3 view .LVU89
 165:Drivers/STM32G4xx_HAL_Driver/Src/stm32g4xx_hal_dma.c ****   assert_param(IS_DMA_MEMORY_INC_STATE(hdma->Init.MemInc));
 295              		.loc 1 165 3 view .LVU90
 166:Drivers/STM32G4xx_HAL_Driver/Src/stm32g4xx_hal_dma.c ****   assert_param(IS_DMA_PERIPHERAL_DATA_SIZE(hdma->Init.PeriphDataAlignment));
 296              		.loc 1 166 3 view .LVU91
 167:Drivers/STM32G4xx_HAL_Driver/Src/stm32g4xx_hal_dma.c ****   assert_param(IS_DMA_MEMORY_DATA_SIZE(hdma->Init.MemDataAlignment));
 297              		.loc 1 167 3 view .LVU92
 168:Drivers/STM32G4xx_HAL_Driver/Src/stm32g4xx_hal_dma.c ****   assert_param(IS_DMA_MODE(hdma->Init.Mode));
 298              		.loc 1 168 3 view .LVU93
 169:Drivers/STM32G4xx_HAL_Driver/Src/stm32g4xx_hal_dma.c ****   assert_param(IS_DMA_PRIORITY(hdma->Init.Priority));
 299              		.loc 1 169 3 view .LVU94
 170:Drivers/STM32G4xx_HAL_Driver/Src/stm32g4xx_hal_dma.c **** 
 300              		.loc 1 170 3 view .LVU95
 172:Drivers/STM32G4xx_HAL_Driver/Src/stm32g4xx_hal_dma.c **** 
 301              		.loc 1 172 3 view .LVU96
 175:Drivers/STM32G4xx_HAL_Driver/Src/stm32g4xx_hal_dma.c ****   {
ARM GAS  /tmp/ccE3qxy9.s 			page 26


 302              		.loc 1 175 3 view .LVU97
 175:Drivers/STM32G4xx_HAL_Driver/Src/stm32g4xx_hal_dma.c ****   {
 303              		.loc 1 175 22 is_stmt 0 view .LVU98
 304 0008 0268     		ldr	r2, [r0]
 175:Drivers/STM32G4xx_HAL_Driver/Src/stm32g4xx_hal_dma.c ****   {
 305              		.loc 1 175 6 view .LVU99
 306 000a 2D4B     		ldr	r3, .L29
 307 000c 9A42     		cmp	r2, r3
 308 000e 3DD8     		bhi	.L17
 178:Drivers/STM32G4xx_HAL_Driver/Src/stm32g4xx_hal_dma.c ****     hdma->DmaBaseAddress = DMA1;
 309              		.loc 1 178 5 is_stmt 1 view .LVU100
 178:Drivers/STM32G4xx_HAL_Driver/Src/stm32g4xx_hal_dma.c ****     hdma->DmaBaseAddress = DMA1;
 310              		.loc 1 178 53 is_stmt 0 view .LVU101
 311 0010 2C4B     		ldr	r3, .L29+4
 312 0012 1344     		add	r3, r3, r2
 178:Drivers/STM32G4xx_HAL_Driver/Src/stm32g4xx_hal_dma.c ****     hdma->DmaBaseAddress = DMA1;
 313              		.loc 1 178 80 view .LVU102
 314 0014 2C49     		ldr	r1, .L29+8
 315 0016 A1FB0313 		umull	r1, r3, r1, r3
 316 001a 1B09     		lsrs	r3, r3, #4
 178:Drivers/STM32G4xx_HAL_Driver/Src/stm32g4xx_hal_dma.c ****     hdma->DmaBaseAddress = DMA1;
 317              		.loc 1 178 135 view .LVU103
 318 001c 9B00     		lsls	r3, r3, #2
 178:Drivers/STM32G4xx_HAL_Driver/Src/stm32g4xx_hal_dma.c ****     hdma->DmaBaseAddress = DMA1;
 319              		.loc 1 178 24 view .LVU104
 320 001e 4364     		str	r3, [r0, #68]
 179:Drivers/STM32G4xx_HAL_Driver/Src/stm32g4xx_hal_dma.c ****   }
 321              		.loc 1 179 5 is_stmt 1 view .LVU105
 179:Drivers/STM32G4xx_HAL_Driver/Src/stm32g4xx_hal_dma.c ****   }
 322              		.loc 1 179 26 is_stmt 0 view .LVU106
 323 0020 2A4B     		ldr	r3, .L29+12
 324 0022 0364     		str	r3, [r0, #64]
 325              	.L18:
 189:Drivers/STM32G4xx_HAL_Driver/Src/stm32g4xx_hal_dma.c **** 
 326              		.loc 1 189 3 is_stmt 1 view .LVU107
 189:Drivers/STM32G4xx_HAL_Driver/Src/stm32g4xx_hal_dma.c **** 
 327              		.loc 1 189 15 is_stmt 0 view .LVU108
 328 0024 0223     		movs	r3, #2
 329 0026 84F82530 		strb	r3, [r4, #37]
 192:Drivers/STM32G4xx_HAL_Driver/Src/stm32g4xx_hal_dma.c **** 
 330              		.loc 1 192 3 is_stmt 1 view .LVU109
 192:Drivers/STM32G4xx_HAL_Driver/Src/stm32g4xx_hal_dma.c **** 
 331              		.loc 1 192 7 is_stmt 0 view .LVU110
 332 002a 1168     		ldr	r1, [r2]
 333              	.LVL17:
 195:Drivers/STM32G4xx_HAL_Driver/Src/stm32g4xx_hal_dma.c ****                       DMA_CCR_MINC  | DMA_CCR_PINC   | DMA_CCR_CIRC   |
 334              		.loc 1 195 3 is_stmt 1 view .LVU111
 195:Drivers/STM32G4xx_HAL_Driver/Src/stm32g4xx_hal_dma.c ****                       DMA_CCR_MINC  | DMA_CCR_PINC   | DMA_CCR_CIRC   |
 335              		.loc 1 195 7 is_stmt 0 view .LVU112
 336 002c 6FF30E11 		bfc	r1, #4, #11
 337              	.LVL18:
 200:Drivers/STM32G4xx_HAL_Driver/Src/stm32g4xx_hal_dma.c ****           hdma->Init.PeriphInc           | hdma->Init.MemInc           |
 338              		.loc 1 200 3 is_stmt 1 view .LVU113
 200:Drivers/STM32G4xx_HAL_Driver/Src/stm32g4xx_hal_dma.c ****           hdma->Init.PeriphInc           | hdma->Init.MemInc           |
 339              		.loc 1 200 21 is_stmt 0 view .LVU114
 340 0030 A368     		ldr	r3, [r4, #8]
 201:Drivers/STM32G4xx_HAL_Driver/Src/stm32g4xx_hal_dma.c ****           hdma->Init.PeriphDataAlignment | hdma->Init.MemDataAlignment |
ARM GAS  /tmp/ccE3qxy9.s 			page 27


 341              		.loc 1 201 21 view .LVU115
 342 0032 E068     		ldr	r0, [r4, #12]
 343              	.LVL19:
 200:Drivers/STM32G4xx_HAL_Driver/Src/stm32g4xx_hal_dma.c ****           hdma->Init.PeriphInc           | hdma->Init.MemInc           |
 344              		.loc 1 200 39 view .LVU116
 345 0034 0343     		orrs	r3, r3, r0
 201:Drivers/STM32G4xx_HAL_Driver/Src/stm32g4xx_hal_dma.c ****           hdma->Init.PeriphDataAlignment | hdma->Init.MemDataAlignment |
 346              		.loc 1 201 54 view .LVU117
 347 0036 2069     		ldr	r0, [r4, #16]
 201:Drivers/STM32G4xx_HAL_Driver/Src/stm32g4xx_hal_dma.c ****           hdma->Init.PeriphDataAlignment | hdma->Init.MemDataAlignment |
 348              		.loc 1 201 42 view .LVU118
 349 0038 0343     		orrs	r3, r3, r0
 202:Drivers/STM32G4xx_HAL_Driver/Src/stm32g4xx_hal_dma.c ****           hdma->Init.Mode                | hdma->Init.Priority;
 350              		.loc 1 202 21 view .LVU119
 351 003a 6069     		ldr	r0, [r4, #20]
 201:Drivers/STM32G4xx_HAL_Driver/Src/stm32g4xx_hal_dma.c ****           hdma->Init.PeriphDataAlignment | hdma->Init.MemDataAlignment |
 352              		.loc 1 201 72 view .LVU120
 353 003c 0343     		orrs	r3, r3, r0
 202:Drivers/STM32G4xx_HAL_Driver/Src/stm32g4xx_hal_dma.c ****           hdma->Init.Mode                | hdma->Init.Priority;
 354              		.loc 1 202 54 view .LVU121
 355 003e A069     		ldr	r0, [r4, #24]
 202:Drivers/STM32G4xx_HAL_Driver/Src/stm32g4xx_hal_dma.c ****           hdma->Init.Mode                | hdma->Init.Priority;
 356              		.loc 1 202 42 view .LVU122
 357 0040 0343     		orrs	r3, r3, r0
 203:Drivers/STM32G4xx_HAL_Driver/Src/stm32g4xx_hal_dma.c **** 
 358              		.loc 1 203 21 view .LVU123
 359 0042 E069     		ldr	r0, [r4, #28]
 202:Drivers/STM32G4xx_HAL_Driver/Src/stm32g4xx_hal_dma.c ****           hdma->Init.Mode                | hdma->Init.Priority;
 360              		.loc 1 202 72 view .LVU124
 361 0044 0343     		orrs	r3, r3, r0
 203:Drivers/STM32G4xx_HAL_Driver/Src/stm32g4xx_hal_dma.c **** 
 362              		.loc 1 203 54 view .LVU125
 363 0046 206A     		ldr	r0, [r4, #32]
 203:Drivers/STM32G4xx_HAL_Driver/Src/stm32g4xx_hal_dma.c **** 
 364              		.loc 1 203 42 view .LVU126
 365 0048 0343     		orrs	r3, r3, r0
 200:Drivers/STM32G4xx_HAL_Driver/Src/stm32g4xx_hal_dma.c ****           hdma->Init.PeriphInc           | hdma->Init.MemInc           |
 366              		.loc 1 200 7 view .LVU127
 367 004a 0B43     		orrs	r3, r3, r1
 368              	.LVL20:
 206:Drivers/STM32G4xx_HAL_Driver/Src/stm32g4xx_hal_dma.c **** 
 369              		.loc 1 206 3 is_stmt 1 view .LVU128
 206:Drivers/STM32G4xx_HAL_Driver/Src/stm32g4xx_hal_dma.c **** 
 370              		.loc 1 206 23 is_stmt 0 view .LVU129
 371 004c 1360     		str	r3, [r2]
 211:Drivers/STM32G4xx_HAL_Driver/Src/stm32g4xx_hal_dma.c **** 
 372              		.loc 1 211 3 is_stmt 1 view .LVU130
 373 004e 2046     		mov	r0, r4
 374 0050 FFF7FEFF 		bl	DMA_CalcDMAMUXChannelBaseAndMask
 375              	.LVL21:
 213:Drivers/STM32G4xx_HAL_Driver/Src/stm32g4xx_hal_dma.c ****   {
 376              		.loc 1 213 3 view .LVU131
 213:Drivers/STM32G4xx_HAL_Driver/Src/stm32g4xx_hal_dma.c ****   {
 377              		.loc 1 213 17 is_stmt 0 view .LVU132
 378 0054 A368     		ldr	r3, [r4, #8]
 213:Drivers/STM32G4xx_HAL_Driver/Src/stm32g4xx_hal_dma.c ****   {
 379              		.loc 1 213 6 view .LVU133
ARM GAS  /tmp/ccE3qxy9.s 			page 28


 380 0056 B3F5804F 		cmp	r3, #16384
 381 005a 22D0     		beq	.L27
 382              	.L19:
 220:Drivers/STM32G4xx_HAL_Driver/Src/stm32g4xx_hal_dma.c **** 
 383              		.loc 1 220 3 is_stmt 1 view .LVU134
 220:Drivers/STM32G4xx_HAL_Driver/Src/stm32g4xx_hal_dma.c **** 
 384              		.loc 1 220 41 is_stmt 0 view .LVU135
 385 005c 6368     		ldr	r3, [r4, #4]
 220:Drivers/STM32G4xx_HAL_Driver/Src/stm32g4xx_hal_dma.c **** 
 386              		.loc 1 220 7 view .LVU136
 387 005e A26C     		ldr	r2, [r4, #72]
 220:Drivers/STM32G4xx_HAL_Driver/Src/stm32g4xx_hal_dma.c **** 
 388              		.loc 1 220 50 view .LVU137
 389 0060 03F07F03 		and	r3, r3, #127
 220:Drivers/STM32G4xx_HAL_Driver/Src/stm32g4xx_hal_dma.c **** 
 390              		.loc 1 220 28 view .LVU138
 391 0064 1360     		str	r3, [r2]
 223:Drivers/STM32G4xx_HAL_Driver/Src/stm32g4xx_hal_dma.c **** 
 392              		.loc 1 223 3 is_stmt 1 view .LVU139
 223:Drivers/STM32G4xx_HAL_Driver/Src/stm32g4xx_hal_dma.c **** 
 393              		.loc 1 223 7 is_stmt 0 view .LVU140
 394 0066 E36C     		ldr	r3, [r4, #76]
 223:Drivers/STM32G4xx_HAL_Driver/Src/stm32g4xx_hal_dma.c **** 
 395              		.loc 1 223 40 view .LVU141
 396 0068 226D     		ldr	r2, [r4, #80]
 223:Drivers/STM32G4xx_HAL_Driver/Src/stm32g4xx_hal_dma.c **** 
 397              		.loc 1 223 34 view .LVU142
 398 006a 5A60     		str	r2, [r3, #4]
 225:Drivers/STM32G4xx_HAL_Driver/Src/stm32g4xx_hal_dma.c ****   {
 399              		.loc 1 225 3 is_stmt 1 view .LVU143
 225:Drivers/STM32G4xx_HAL_Driver/Src/stm32g4xx_hal_dma.c ****   {
 400              		.loc 1 225 19 is_stmt 0 view .LVU144
 401 006c 6368     		ldr	r3, [r4, #4]
 225:Drivers/STM32G4xx_HAL_Driver/Src/stm32g4xx_hal_dma.c ****   {
 402              		.loc 1 225 35 view .LVU145
 403 006e 013B     		subs	r3, r3, #1
 225:Drivers/STM32G4xx_HAL_Driver/Src/stm32g4xx_hal_dma.c ****   {
 404              		.loc 1 225 6 view .LVU146
 405 0070 032B     		cmp	r3, #3
 406 0072 19D9     		bls	.L28
 240:Drivers/STM32G4xx_HAL_Driver/Src/stm32g4xx_hal_dma.c ****     hdma->DMAmuxRequestGenStatus = 0U;
 407              		.loc 1 240 5 is_stmt 1 view .LVU147
 240:Drivers/STM32G4xx_HAL_Driver/Src/stm32g4xx_hal_dma.c ****     hdma->DMAmuxRequestGenStatus = 0U;
 408              		.loc 1 240 28 is_stmt 0 view .LVU148
 409 0074 0023     		movs	r3, #0
 410 0076 6365     		str	r3, [r4, #84]
 241:Drivers/STM32G4xx_HAL_Driver/Src/stm32g4xx_hal_dma.c ****     hdma->DMAmuxRequestGenStatusMask = 0U;
 411              		.loc 1 241 5 is_stmt 1 view .LVU149
 241:Drivers/STM32G4xx_HAL_Driver/Src/stm32g4xx_hal_dma.c ****     hdma->DMAmuxRequestGenStatusMask = 0U;
 412              		.loc 1 241 34 is_stmt 0 view .LVU150
 413 0078 A365     		str	r3, [r4, #88]
 242:Drivers/STM32G4xx_HAL_Driver/Src/stm32g4xx_hal_dma.c ****   }
 414              		.loc 1 242 5 is_stmt 1 view .LVU151
 242:Drivers/STM32G4xx_HAL_Driver/Src/stm32g4xx_hal_dma.c ****   }
 415              		.loc 1 242 38 is_stmt 0 view .LVU152
 416 007a E365     		str	r3, [r4, #92]
 417              	.L21:
ARM GAS  /tmp/ccE3qxy9.s 			page 29


 246:Drivers/STM32G4xx_HAL_Driver/Src/stm32g4xx_hal_dma.c **** 
 418              		.loc 1 246 3 is_stmt 1 view .LVU153
 246:Drivers/STM32G4xx_HAL_Driver/Src/stm32g4xx_hal_dma.c **** 
 419              		.loc 1 246 19 is_stmt 0 view .LVU154
 420 007c 0020     		movs	r0, #0
 421 007e E063     		str	r0, [r4, #60]
 249:Drivers/STM32G4xx_HAL_Driver/Src/stm32g4xx_hal_dma.c **** 
 422              		.loc 1 249 3 is_stmt 1 view .LVU155
 249:Drivers/STM32G4xx_HAL_Driver/Src/stm32g4xx_hal_dma.c **** 
 423              		.loc 1 249 16 is_stmt 0 view .LVU156
 424 0080 0123     		movs	r3, #1
 425 0082 84F82530 		strb	r3, [r4, #37]
 252:Drivers/STM32G4xx_HAL_Driver/Src/stm32g4xx_hal_dma.c **** 
 426              		.loc 1 252 3 is_stmt 1 view .LVU157
 252:Drivers/STM32G4xx_HAL_Driver/Src/stm32g4xx_hal_dma.c **** 
 427              		.loc 1 252 14 is_stmt 0 view .LVU158
 428 0086 84F82400 		strb	r0, [r4, #36]
 254:Drivers/STM32G4xx_HAL_Driver/Src/stm32g4xx_hal_dma.c **** }
 429              		.loc 1 254 3 is_stmt 1 view .LVU159
 255:Drivers/STM32G4xx_HAL_Driver/Src/stm32g4xx_hal_dma.c **** 
 430              		.loc 1 255 1 is_stmt 0 view .LVU160
 431 008a 10BD     		pop	{r4, pc}
 432              	.LVL22:
 433              	.L17:
 184:Drivers/STM32G4xx_HAL_Driver/Src/stm32g4xx_hal_dma.c ****     hdma->DmaBaseAddress = DMA2;
 434              		.loc 1 184 5 is_stmt 1 view .LVU161
 184:Drivers/STM32G4xx_HAL_Driver/Src/stm32g4xx_hal_dma.c ****     hdma->DmaBaseAddress = DMA2;
 435              		.loc 1 184 53 is_stmt 0 view .LVU162
 436 008c 104B     		ldr	r3, .L29+16
 437 008e 1344     		add	r3, r3, r2
 184:Drivers/STM32G4xx_HAL_Driver/Src/stm32g4xx_hal_dma.c ****     hdma->DmaBaseAddress = DMA2;
 438              		.loc 1 184 80 view .LVU163
 439 0090 0D49     		ldr	r1, .L29+8
 440 0092 A1FB0313 		umull	r1, r3, r1, r3
 441 0096 1B09     		lsrs	r3, r3, #4
 184:Drivers/STM32G4xx_HAL_Driver/Src/stm32g4xx_hal_dma.c ****     hdma->DmaBaseAddress = DMA2;
 442              		.loc 1 184 135 view .LVU164
 443 0098 9B00     		lsls	r3, r3, #2
 184:Drivers/STM32G4xx_HAL_Driver/Src/stm32g4xx_hal_dma.c ****     hdma->DmaBaseAddress = DMA2;
 444              		.loc 1 184 24 view .LVU165
 445 009a 4364     		str	r3, [r0, #68]
 185:Drivers/STM32G4xx_HAL_Driver/Src/stm32g4xx_hal_dma.c ****   }
 446              		.loc 1 185 5 is_stmt 1 view .LVU166
 185:Drivers/STM32G4xx_HAL_Driver/Src/stm32g4xx_hal_dma.c ****   }
 447              		.loc 1 185 26 is_stmt 0 view .LVU167
 448 009c 0D4B     		ldr	r3, .L29+20
 449 009e 0364     		str	r3, [r0, #64]
 450 00a0 C0E7     		b	.L18
 451              	.LVL23:
 452              	.L27:
 216:Drivers/STM32G4xx_HAL_Driver/Src/stm32g4xx_hal_dma.c ****   }
 453              		.loc 1 216 5 is_stmt 1 view .LVU168
 216:Drivers/STM32G4xx_HAL_Driver/Src/stm32g4xx_hal_dma.c ****   }
 454              		.loc 1 216 24 is_stmt 0 view .LVU169
 455 00a2 0023     		movs	r3, #0
 456 00a4 6360     		str	r3, [r4, #4]
 457 00a6 D9E7     		b	.L19
ARM GAS  /tmp/ccE3qxy9.s 			page 30


 458              	.L28:
 230:Drivers/STM32G4xx_HAL_Driver/Src/stm32g4xx_hal_dma.c **** 
 459              		.loc 1 230 5 is_stmt 1 view .LVU170
 460 00a8 2046     		mov	r0, r4
 461 00aa FFF7FEFF 		bl	DMA_CalcDMAMUXRequestGenBaseAndMask
 462              	.LVL24:
 233:Drivers/STM32G4xx_HAL_Driver/Src/stm32g4xx_hal_dma.c **** 
 463              		.loc 1 233 5 view .LVU171
 233:Drivers/STM32G4xx_HAL_Driver/Src/stm32g4xx_hal_dma.c **** 
 464              		.loc 1 233 9 is_stmt 0 view .LVU172
 465 00ae 636D     		ldr	r3, [r4, #84]
 233:Drivers/STM32G4xx_HAL_Driver/Src/stm32g4xx_hal_dma.c **** 
 466              		.loc 1 233 34 view .LVU173
 467 00b0 0022     		movs	r2, #0
 468 00b2 1A60     		str	r2, [r3]
 236:Drivers/STM32G4xx_HAL_Driver/Src/stm32g4xx_hal_dma.c ****   }
 469              		.loc 1 236 5 is_stmt 1 view .LVU174
 236:Drivers/STM32G4xx_HAL_Driver/Src/stm32g4xx_hal_dma.c ****   }
 470              		.loc 1 236 9 is_stmt 0 view .LVU175
 471 00b4 A36D     		ldr	r3, [r4, #88]
 236:Drivers/STM32G4xx_HAL_Driver/Src/stm32g4xx_hal_dma.c ****   }
 472              		.loc 1 236 47 view .LVU176
 473 00b6 E26D     		ldr	r2, [r4, #92]
 236:Drivers/STM32G4xx_HAL_Driver/Src/stm32g4xx_hal_dma.c ****   }
 474              		.loc 1 236 41 view .LVU177
 475 00b8 5A60     		str	r2, [r3, #4]
 476 00ba DFE7     		b	.L21
 477              	.LVL25:
 478              	.L22:
 479              	.LCFI4:
 480              		.cfi_def_cfa_offset 0
 481              		.cfi_restore 4
 482              		.cfi_restore 14
 159:Drivers/STM32G4xx_HAL_Driver/Src/stm32g4xx_hal_dma.c ****   }
 483              		.loc 1 159 12 view .LVU178
 484 00bc 0120     		movs	r0, #1
 485              	.LVL26:
 255:Drivers/STM32G4xx_HAL_Driver/Src/stm32g4xx_hal_dma.c **** 
 486              		.loc 1 255 1 view .LVU179
 487 00be 7047     		bx	lr
 488              	.L30:
 489              		.align	2
 490              	.L29:
 491 00c0 07040240 		.word	1073873927
 492 00c4 F8FFFDBF 		.word	-1073872904
 493 00c8 CDCCCCCC 		.word	-858993459
 494 00cc 00000240 		.word	1073872896
 495 00d0 F8FBFDBF 		.word	-1073873928
 496 00d4 00040240 		.word	1073873920
 497              		.cfi_endproc
 498              	.LFE329:
 500              		.section	.text.HAL_DMA_DeInit,"ax",%progbits
 501              		.align	1
 502              		.global	HAL_DMA_DeInit
 503              		.syntax unified
 504              		.thumb
 505              		.thumb_func
ARM GAS  /tmp/ccE3qxy9.s 			page 31


 507              	HAL_DMA_DeInit:
 508              	.LVL27:
 509              	.LFB330:
 264:Drivers/STM32G4xx_HAL_Driver/Src/stm32g4xx_hal_dma.c **** 
 510              		.loc 1 264 1 is_stmt 1 view -0
 511              		.cfi_startproc
 512              		@ args = 0, pretend = 0, frame = 0
 513              		@ frame_needed = 0, uses_anonymous_args = 0
 267:Drivers/STM32G4xx_HAL_Driver/Src/stm32g4xx_hal_dma.c ****   {
 514              		.loc 1 267 3 view .LVU181
 267:Drivers/STM32G4xx_HAL_Driver/Src/stm32g4xx_hal_dma.c ****   {
 515              		.loc 1 267 6 is_stmt 0 view .LVU182
 516 0000 0028     		cmp	r0, #0
 517 0002 4BD0     		beq	.L36
 264:Drivers/STM32G4xx_HAL_Driver/Src/stm32g4xx_hal_dma.c **** 
 518              		.loc 1 264 1 view .LVU183
 519 0004 38B5     		push	{r3, r4, r5, lr}
 520              	.LCFI5:
 521              		.cfi_def_cfa_offset 16
 522              		.cfi_offset 3, -16
 523              		.cfi_offset 4, -12
 524              		.cfi_offset 5, -8
 525              		.cfi_offset 14, -4
 526 0006 0446     		mov	r4, r0
 273:Drivers/STM32G4xx_HAL_Driver/Src/stm32g4xx_hal_dma.c **** 
 527              		.loc 1 273 3 is_stmt 1 view .LVU184
 276:Drivers/STM32G4xx_HAL_Driver/Src/stm32g4xx_hal_dma.c **** 
 528              		.loc 1 276 3 view .LVU185
 529 0008 0268     		ldr	r2, [r0]
 530 000a 1368     		ldr	r3, [r2]
 531 000c 23F00103 		bic	r3, r3, #1
 532 0010 1360     		str	r3, [r2]
 279:Drivers/STM32G4xx_HAL_Driver/Src/stm32g4xx_hal_dma.c ****   {
 533              		.loc 1 279 3 view .LVU186
 279:Drivers/STM32G4xx_HAL_Driver/Src/stm32g4xx_hal_dma.c ****   {
 534              		.loc 1 279 22 is_stmt 0 view .LVU187
 535 0012 0268     		ldr	r2, [r0]
 279:Drivers/STM32G4xx_HAL_Driver/Src/stm32g4xx_hal_dma.c ****   {
 536              		.loc 1 279 6 view .LVU188
 537 0014 224B     		ldr	r3, .L42
 538 0016 9A42     		cmp	r2, r3
 539 0018 2CD8     		bhi	.L33
 282:Drivers/STM32G4xx_HAL_Driver/Src/stm32g4xx_hal_dma.c ****     hdma->DmaBaseAddress = DMA1;
 540              		.loc 1 282 5 is_stmt 1 view .LVU189
 282:Drivers/STM32G4xx_HAL_Driver/Src/stm32g4xx_hal_dma.c ****     hdma->DmaBaseAddress = DMA1;
 541              		.loc 1 282 53 is_stmt 0 view .LVU190
 542 001a 224B     		ldr	r3, .L42+4
 543 001c 1344     		add	r3, r3, r2
 282:Drivers/STM32G4xx_HAL_Driver/Src/stm32g4xx_hal_dma.c ****     hdma->DmaBaseAddress = DMA1;
 544              		.loc 1 282 80 view .LVU191
 545 001e 2249     		ldr	r1, .L42+8
 546 0020 A1FB0313 		umull	r1, r3, r1, r3
 547 0024 1B09     		lsrs	r3, r3, #4
 282:Drivers/STM32G4xx_HAL_Driver/Src/stm32g4xx_hal_dma.c ****     hdma->DmaBaseAddress = DMA1;
 548              		.loc 1 282 135 view .LVU192
 549 0026 9B00     		lsls	r3, r3, #2
 282:Drivers/STM32G4xx_HAL_Driver/Src/stm32g4xx_hal_dma.c ****     hdma->DmaBaseAddress = DMA1;
ARM GAS  /tmp/ccE3qxy9.s 			page 32


 550              		.loc 1 282 24 view .LVU193
 551 0028 4364     		str	r3, [r0, #68]
 283:Drivers/STM32G4xx_HAL_Driver/Src/stm32g4xx_hal_dma.c ****   }
 552              		.loc 1 283 5 is_stmt 1 view .LVU194
 283:Drivers/STM32G4xx_HAL_Driver/Src/stm32g4xx_hal_dma.c ****   }
 553              		.loc 1 283 26 is_stmt 0 view .LVU195
 554 002a 204B     		ldr	r3, .L42+12
 555 002c 0364     		str	r3, [r0, #64]
 556              	.L34:
 293:Drivers/STM32G4xx_HAL_Driver/Src/stm32g4xx_hal_dma.c **** 
 557              		.loc 1 293 3 is_stmt 1 view .LVU196
 293:Drivers/STM32G4xx_HAL_Driver/Src/stm32g4xx_hal_dma.c **** 
 558              		.loc 1 293 24 is_stmt 0 view .LVU197
 559 002e 0025     		movs	r5, #0
 560 0030 1560     		str	r5, [r2]
 296:Drivers/STM32G4xx_HAL_Driver/Src/stm32g4xx_hal_dma.c **** 
 561              		.loc 1 296 3 is_stmt 1 view .LVU198
 296:Drivers/STM32G4xx_HAL_Driver/Src/stm32g4xx_hal_dma.c **** 
 562              		.loc 1 296 54 is_stmt 0 view .LVU199
 563 0032 636C     		ldr	r3, [r4, #68]
 296:Drivers/STM32G4xx_HAL_Driver/Src/stm32g4xx_hal_dma.c **** 
 564              		.loc 1 296 69 view .LVU200
 565 0034 03F01F02 		and	r2, r3, #31
 296:Drivers/STM32G4xx_HAL_Driver/Src/stm32g4xx_hal_dma.c **** 
 566              		.loc 1 296 7 view .LVU201
 567 0038 216C     		ldr	r1, [r4, #64]
 296:Drivers/STM32G4xx_HAL_Driver/Src/stm32g4xx_hal_dma.c **** 
 568              		.loc 1 296 46 view .LVU202
 569 003a 0123     		movs	r3, #1
 570 003c 9340     		lsls	r3, r3, r2
 296:Drivers/STM32G4xx_HAL_Driver/Src/stm32g4xx_hal_dma.c **** 
 571              		.loc 1 296 30 view .LVU203
 572 003e 4B60     		str	r3, [r1, #4]
 301:Drivers/STM32G4xx_HAL_Driver/Src/stm32g4xx_hal_dma.c **** 
 573              		.loc 1 301 3 is_stmt 1 view .LVU204
 574 0040 2046     		mov	r0, r4
 575              	.LVL28:
 301:Drivers/STM32G4xx_HAL_Driver/Src/stm32g4xx_hal_dma.c **** 
 576              		.loc 1 301 3 is_stmt 0 view .LVU205
 577 0042 FFF7FEFF 		bl	DMA_CalcDMAMUXChannelBaseAndMask
 578              	.LVL29:
 304:Drivers/STM32G4xx_HAL_Driver/Src/stm32g4xx_hal_dma.c **** 
 579              		.loc 1 304 3 is_stmt 1 view .LVU206
 304:Drivers/STM32G4xx_HAL_Driver/Src/stm32g4xx_hal_dma.c **** 
 580              		.loc 1 304 7 is_stmt 0 view .LVU207
 581 0046 A36C     		ldr	r3, [r4, #72]
 304:Drivers/STM32G4xx_HAL_Driver/Src/stm32g4xx_hal_dma.c **** 
 582              		.loc 1 304 28 view .LVU208
 583 0048 1D60     		str	r5, [r3]
 307:Drivers/STM32G4xx_HAL_Driver/Src/stm32g4xx_hal_dma.c **** 
 584              		.loc 1 307 3 is_stmt 1 view .LVU209
 307:Drivers/STM32G4xx_HAL_Driver/Src/stm32g4xx_hal_dma.c **** 
 585              		.loc 1 307 7 is_stmt 0 view .LVU210
 586 004a E36C     		ldr	r3, [r4, #76]
 307:Drivers/STM32G4xx_HAL_Driver/Src/stm32g4xx_hal_dma.c **** 
 587              		.loc 1 307 40 view .LVU211
 588 004c 226D     		ldr	r2, [r4, #80]
ARM GAS  /tmp/ccE3qxy9.s 			page 33


 307:Drivers/STM32G4xx_HAL_Driver/Src/stm32g4xx_hal_dma.c **** 
 589              		.loc 1 307 34 view .LVU212
 590 004e 5A60     		str	r2, [r3, #4]
 310:Drivers/STM32G4xx_HAL_Driver/Src/stm32g4xx_hal_dma.c ****   {
 591              		.loc 1 310 3 is_stmt 1 view .LVU213
 310:Drivers/STM32G4xx_HAL_Driver/Src/stm32g4xx_hal_dma.c ****   {
 592              		.loc 1 310 19 is_stmt 0 view .LVU214
 593 0050 6368     		ldr	r3, [r4, #4]
 310:Drivers/STM32G4xx_HAL_Driver/Src/stm32g4xx_hal_dma.c ****   {
 594              		.loc 1 310 35 view .LVU215
 595 0052 013B     		subs	r3, r3, #1
 310:Drivers/STM32G4xx_HAL_Driver/Src/stm32g4xx_hal_dma.c ****   {
 596              		.loc 1 310 6 view .LVU216
 597 0054 032B     		cmp	r3, #3
 598 0056 18D9     		bls	.L41
 599              	.L35:
 324:Drivers/STM32G4xx_HAL_Driver/Src/stm32g4xx_hal_dma.c ****   hdma->DMAmuxRequestGenStatus = 0U;
 600              		.loc 1 324 3 is_stmt 1 view .LVU217
 324:Drivers/STM32G4xx_HAL_Driver/Src/stm32g4xx_hal_dma.c ****   hdma->DMAmuxRequestGenStatus = 0U;
 601              		.loc 1 324 26 is_stmt 0 view .LVU218
 602 0058 0020     		movs	r0, #0
 603 005a 6065     		str	r0, [r4, #84]
 325:Drivers/STM32G4xx_HAL_Driver/Src/stm32g4xx_hal_dma.c ****   hdma->DMAmuxRequestGenStatusMask = 0U;
 604              		.loc 1 325 3 is_stmt 1 view .LVU219
 325:Drivers/STM32G4xx_HAL_Driver/Src/stm32g4xx_hal_dma.c ****   hdma->DMAmuxRequestGenStatusMask = 0U;
 605              		.loc 1 325 32 is_stmt 0 view .LVU220
 606 005c A065     		str	r0, [r4, #88]
 326:Drivers/STM32G4xx_HAL_Driver/Src/stm32g4xx_hal_dma.c **** 
 607              		.loc 1 326 3 is_stmt 1 view .LVU221
 326:Drivers/STM32G4xx_HAL_Driver/Src/stm32g4xx_hal_dma.c **** 
 608              		.loc 1 326 36 is_stmt 0 view .LVU222
 609 005e E065     		str	r0, [r4, #92]
 329:Drivers/STM32G4xx_HAL_Driver/Src/stm32g4xx_hal_dma.c ****   hdma->XferHalfCpltCallback = NULL;
 610              		.loc 1 329 3 is_stmt 1 view .LVU223
 329:Drivers/STM32G4xx_HAL_Driver/Src/stm32g4xx_hal_dma.c ****   hdma->XferHalfCpltCallback = NULL;
 611              		.loc 1 329 26 is_stmt 0 view .LVU224
 612 0060 E062     		str	r0, [r4, #44]
 330:Drivers/STM32G4xx_HAL_Driver/Src/stm32g4xx_hal_dma.c ****   hdma->XferErrorCallback = NULL;
 613              		.loc 1 330 3 is_stmt 1 view .LVU225
 330:Drivers/STM32G4xx_HAL_Driver/Src/stm32g4xx_hal_dma.c ****   hdma->XferErrorCallback = NULL;
 614              		.loc 1 330 30 is_stmt 0 view .LVU226
 615 0062 2063     		str	r0, [r4, #48]
 331:Drivers/STM32G4xx_HAL_Driver/Src/stm32g4xx_hal_dma.c ****   hdma->XferAbortCallback = NULL;
 616              		.loc 1 331 3 is_stmt 1 view .LVU227
 331:Drivers/STM32G4xx_HAL_Driver/Src/stm32g4xx_hal_dma.c ****   hdma->XferAbortCallback = NULL;
 617              		.loc 1 331 27 is_stmt 0 view .LVU228
 618 0064 6063     		str	r0, [r4, #52]
 332:Drivers/STM32G4xx_HAL_Driver/Src/stm32g4xx_hal_dma.c **** 
 619              		.loc 1 332 3 is_stmt 1 view .LVU229
 332:Drivers/STM32G4xx_HAL_Driver/Src/stm32g4xx_hal_dma.c **** 
 620              		.loc 1 332 27 is_stmt 0 view .LVU230
 621 0066 A063     		str	r0, [r4, #56]
 335:Drivers/STM32G4xx_HAL_Driver/Src/stm32g4xx_hal_dma.c **** 
 622              		.loc 1 335 3 is_stmt 1 view .LVU231
 335:Drivers/STM32G4xx_HAL_Driver/Src/stm32g4xx_hal_dma.c **** 
 623              		.loc 1 335 19 is_stmt 0 view .LVU232
 624 0068 E063     		str	r0, [r4, #60]
ARM GAS  /tmp/ccE3qxy9.s 			page 34


 338:Drivers/STM32G4xx_HAL_Driver/Src/stm32g4xx_hal_dma.c **** 
 625              		.loc 1 338 3 is_stmt 1 view .LVU233
 338:Drivers/STM32G4xx_HAL_Driver/Src/stm32g4xx_hal_dma.c **** 
 626              		.loc 1 338 15 is_stmt 0 view .LVU234
 627 006a 84F82500 		strb	r0, [r4, #37]
 341:Drivers/STM32G4xx_HAL_Driver/Src/stm32g4xx_hal_dma.c **** 
 628              		.loc 1 341 3 is_stmt 1 view .LVU235
 341:Drivers/STM32G4xx_HAL_Driver/Src/stm32g4xx_hal_dma.c **** 
 629              		.loc 1 341 3 view .LVU236
 630 006e 84F82400 		strb	r0, [r4, #36]
 341:Drivers/STM32G4xx_HAL_Driver/Src/stm32g4xx_hal_dma.c **** 
 631              		.loc 1 341 3 view .LVU237
 343:Drivers/STM32G4xx_HAL_Driver/Src/stm32g4xx_hal_dma.c **** }
 632              		.loc 1 343 3 view .LVU238
 344:Drivers/STM32G4xx_HAL_Driver/Src/stm32g4xx_hal_dma.c **** 
 633              		.loc 1 344 1 is_stmt 0 view .LVU239
 634 0072 38BD     		pop	{r3, r4, r5, pc}
 635              	.LVL30:
 636              	.L33:
 288:Drivers/STM32G4xx_HAL_Driver/Src/stm32g4xx_hal_dma.c ****     hdma->DmaBaseAddress = DMA2;
 637              		.loc 1 288 5 is_stmt 1 view .LVU240
 288:Drivers/STM32G4xx_HAL_Driver/Src/stm32g4xx_hal_dma.c ****     hdma->DmaBaseAddress = DMA2;
 638              		.loc 1 288 53 is_stmt 0 view .LVU241
 639 0074 0E4B     		ldr	r3, .L42+16
 640 0076 1344     		add	r3, r3, r2
 288:Drivers/STM32G4xx_HAL_Driver/Src/stm32g4xx_hal_dma.c ****     hdma->DmaBaseAddress = DMA2;
 641              		.loc 1 288 80 view .LVU242
 642 0078 0B49     		ldr	r1, .L42+8
 643 007a A1FB0313 		umull	r1, r3, r1, r3
 644 007e 1B09     		lsrs	r3, r3, #4
 288:Drivers/STM32G4xx_HAL_Driver/Src/stm32g4xx_hal_dma.c ****     hdma->DmaBaseAddress = DMA2;
 645              		.loc 1 288 135 view .LVU243
 646 0080 9B00     		lsls	r3, r3, #2
 288:Drivers/STM32G4xx_HAL_Driver/Src/stm32g4xx_hal_dma.c ****     hdma->DmaBaseAddress = DMA2;
 647              		.loc 1 288 24 view .LVU244
 648 0082 4364     		str	r3, [r0, #68]
 289:Drivers/STM32G4xx_HAL_Driver/Src/stm32g4xx_hal_dma.c ****   }
 649              		.loc 1 289 5 is_stmt 1 view .LVU245
 289:Drivers/STM32G4xx_HAL_Driver/Src/stm32g4xx_hal_dma.c ****   }
 650              		.loc 1 289 26 is_stmt 0 view .LVU246
 651 0084 0B4B     		ldr	r3, .L42+20
 652 0086 0364     		str	r3, [r0, #64]
 653 0088 D1E7     		b	.L34
 654              	.LVL31:
 655              	.L41:
 315:Drivers/STM32G4xx_HAL_Driver/Src/stm32g4xx_hal_dma.c **** 
 656              		.loc 1 315 5 is_stmt 1 view .LVU247
 657 008a 2046     		mov	r0, r4
 658 008c FFF7FEFF 		bl	DMA_CalcDMAMUXRequestGenBaseAndMask
 659              	.LVL32:
 318:Drivers/STM32G4xx_HAL_Driver/Src/stm32g4xx_hal_dma.c **** 
 660              		.loc 1 318 5 view .LVU248
 318:Drivers/STM32G4xx_HAL_Driver/Src/stm32g4xx_hal_dma.c **** 
 661              		.loc 1 318 9 is_stmt 0 view .LVU249
 662 0090 636D     		ldr	r3, [r4, #84]
 318:Drivers/STM32G4xx_HAL_Driver/Src/stm32g4xx_hal_dma.c **** 
 663              		.loc 1 318 34 view .LVU250
ARM GAS  /tmp/ccE3qxy9.s 			page 35


 664 0092 1D60     		str	r5, [r3]
 321:Drivers/STM32G4xx_HAL_Driver/Src/stm32g4xx_hal_dma.c ****   }
 665              		.loc 1 321 5 is_stmt 1 view .LVU251
 321:Drivers/STM32G4xx_HAL_Driver/Src/stm32g4xx_hal_dma.c ****   }
 666              		.loc 1 321 9 is_stmt 0 view .LVU252
 667 0094 A36D     		ldr	r3, [r4, #88]
 321:Drivers/STM32G4xx_HAL_Driver/Src/stm32g4xx_hal_dma.c ****   }
 668              		.loc 1 321 47 view .LVU253
 669 0096 E26D     		ldr	r2, [r4, #92]
 321:Drivers/STM32G4xx_HAL_Driver/Src/stm32g4xx_hal_dma.c ****   }
 670              		.loc 1 321 41 view .LVU254
 671 0098 5A60     		str	r2, [r3, #4]
 672 009a DDE7     		b	.L35
 673              	.LVL33:
 674              	.L36:
 675              	.LCFI6:
 676              		.cfi_def_cfa_offset 0
 677              		.cfi_restore 3
 678              		.cfi_restore 4
 679              		.cfi_restore 5
 680              		.cfi_restore 14
 269:Drivers/STM32G4xx_HAL_Driver/Src/stm32g4xx_hal_dma.c ****   }
 681              		.loc 1 269 12 view .LVU255
 682 009c 0120     		movs	r0, #1
 683              	.LVL34:
 344:Drivers/STM32G4xx_HAL_Driver/Src/stm32g4xx_hal_dma.c **** 
 684              		.loc 1 344 1 view .LVU256
 685 009e 7047     		bx	lr
 686              	.L43:
 687              		.align	2
 688              	.L42:
 689 00a0 07040240 		.word	1073873927
 690 00a4 F8FFFDBF 		.word	-1073872904
 691 00a8 CDCCCCCC 		.word	-858993459
 692 00ac 00000240 		.word	1073872896
 693 00b0 F8FBFDBF 		.word	-1073873928
 694 00b4 00040240 		.word	1073873920
 695              		.cfi_endproc
 696              	.LFE330:
 698              		.section	.text.HAL_DMA_Start,"ax",%progbits
 699              		.align	1
 700              		.global	HAL_DMA_Start
 701              		.syntax unified
 702              		.thumb
 703              		.thumb_func
 705              	HAL_DMA_Start:
 706              	.LVL35:
 707              	.LFB331:
 379:Drivers/STM32G4xx_HAL_Driver/Src/stm32g4xx_hal_dma.c ****   HAL_StatusTypeDef status = HAL_OK;
 708              		.loc 1 379 1 is_stmt 1 view -0
 709              		.cfi_startproc
 710              		@ args = 0, pretend = 0, frame = 0
 711              		@ frame_needed = 0, uses_anonymous_args = 0
 379:Drivers/STM32G4xx_HAL_Driver/Src/stm32g4xx_hal_dma.c ****   HAL_StatusTypeDef status = HAL_OK;
 712              		.loc 1 379 1 is_stmt 0 view .LVU258
 713 0000 70B5     		push	{r4, r5, r6, lr}
 714              	.LCFI7:
ARM GAS  /tmp/ccE3qxy9.s 			page 36


 715              		.cfi_def_cfa_offset 16
 716              		.cfi_offset 4, -16
 717              		.cfi_offset 5, -12
 718              		.cfi_offset 6, -8
 719              		.cfi_offset 14, -4
 720 0002 0446     		mov	r4, r0
 380:Drivers/STM32G4xx_HAL_Driver/Src/stm32g4xx_hal_dma.c **** 
 721              		.loc 1 380 3 is_stmt 1 view .LVU259
 722              	.LVL36:
 383:Drivers/STM32G4xx_HAL_Driver/Src/stm32g4xx_hal_dma.c **** 
 723              		.loc 1 383 3 view .LVU260
 386:Drivers/STM32G4xx_HAL_Driver/Src/stm32g4xx_hal_dma.c **** 
 724              		.loc 1 386 3 view .LVU261
 386:Drivers/STM32G4xx_HAL_Driver/Src/stm32g4xx_hal_dma.c **** 
 725              		.loc 1 386 3 view .LVU262
 726 0004 90F82400 		ldrb	r0, [r0, #36]	@ zero_extendqisi2
 727              	.LVL37:
 386:Drivers/STM32G4xx_HAL_Driver/Src/stm32g4xx_hal_dma.c **** 
 728              		.loc 1 386 3 is_stmt 0 view .LVU263
 729 0008 0128     		cmp	r0, #1
 730 000a 20D0     		beq	.L47
 386:Drivers/STM32G4xx_HAL_Driver/Src/stm32g4xx_hal_dma.c **** 
 731              		.loc 1 386 3 is_stmt 1 discriminator 2 view .LVU264
 732 000c 0120     		movs	r0, #1
 733 000e 84F82400 		strb	r0, [r4, #36]
 386:Drivers/STM32G4xx_HAL_Driver/Src/stm32g4xx_hal_dma.c **** 
 734              		.loc 1 386 3 discriminator 2 view .LVU265
 388:Drivers/STM32G4xx_HAL_Driver/Src/stm32g4xx_hal_dma.c ****   {
 735              		.loc 1 388 3 view .LVU266
 388:Drivers/STM32G4xx_HAL_Driver/Src/stm32g4xx_hal_dma.c ****   {
 736              		.loc 1 388 34 is_stmt 0 view .LVU267
 737 0012 94F82500 		ldrb	r0, [r4, #37]	@ zero_extendqisi2
 738 0016 C0B2     		uxtb	r0, r0
 388:Drivers/STM32G4xx_HAL_Driver/Src/stm32g4xx_hal_dma.c ****   {
 739              		.loc 1 388 6 view .LVU268
 740 0018 0128     		cmp	r0, #1
 741 001a 04D0     		beq	.L49
 406:Drivers/STM32G4xx_HAL_Driver/Src/stm32g4xx_hal_dma.c ****     status = HAL_BUSY;
 742              		.loc 1 406 5 is_stmt 1 view .LVU269
 406:Drivers/STM32G4xx_HAL_Driver/Src/stm32g4xx_hal_dma.c ****     status = HAL_BUSY;
 743              		.loc 1 406 5 view .LVU270
 744 001c 0023     		movs	r3, #0
 745              	.LVL38:
 406:Drivers/STM32G4xx_HAL_Driver/Src/stm32g4xx_hal_dma.c ****     status = HAL_BUSY;
 746              		.loc 1 406 5 is_stmt 0 view .LVU271
 747 001e 84F82430 		strb	r3, [r4, #36]
 406:Drivers/STM32G4xx_HAL_Driver/Src/stm32g4xx_hal_dma.c ****     status = HAL_BUSY;
 748              		.loc 1 406 5 is_stmt 1 view .LVU272
 407:Drivers/STM32G4xx_HAL_Driver/Src/stm32g4xx_hal_dma.c ****   }
 749              		.loc 1 407 5 view .LVU273
 750              	.LVL39:
 407:Drivers/STM32G4xx_HAL_Driver/Src/stm32g4xx_hal_dma.c ****   }
 751              		.loc 1 407 12 is_stmt 0 view .LVU274
 752 0022 0220     		movs	r0, #2
 753              	.LVL40:
 754              	.L45:
 410:Drivers/STM32G4xx_HAL_Driver/Src/stm32g4xx_hal_dma.c **** 
ARM GAS  /tmp/ccE3qxy9.s 			page 37


 755              		.loc 1 410 1 view .LVU275
 756 0024 70BD     		pop	{r4, r5, r6, pc}
 757              	.LVL41:
 758              	.L49:
 391:Drivers/STM32G4xx_HAL_Driver/Src/stm32g4xx_hal_dma.c ****     hdma->ErrorCode = HAL_DMA_ERROR_NONE;
 759              		.loc 1 391 5 is_stmt 1 view .LVU276
 391:Drivers/STM32G4xx_HAL_Driver/Src/stm32g4xx_hal_dma.c ****     hdma->ErrorCode = HAL_DMA_ERROR_NONE;
 760              		.loc 1 391 17 is_stmt 0 view .LVU277
 761 0026 0220     		movs	r0, #2
 762 0028 84F82500 		strb	r0, [r4, #37]
 392:Drivers/STM32G4xx_HAL_Driver/Src/stm32g4xx_hal_dma.c **** 
 763              		.loc 1 392 5 is_stmt 1 view .LVU278
 392:Drivers/STM32G4xx_HAL_Driver/Src/stm32g4xx_hal_dma.c **** 
 764              		.loc 1 392 21 is_stmt 0 view .LVU279
 765 002c 0025     		movs	r5, #0
 766 002e E563     		str	r5, [r4, #60]
 395:Drivers/STM32G4xx_HAL_Driver/Src/stm32g4xx_hal_dma.c **** 
 767              		.loc 1 395 5 is_stmt 1 view .LVU280
 768 0030 2668     		ldr	r6, [r4]
 769 0032 3068     		ldr	r0, [r6]
 770 0034 20F00100 		bic	r0, r0, #1
 771 0038 3060     		str	r0, [r6]
 398:Drivers/STM32G4xx_HAL_Driver/Src/stm32g4xx_hal_dma.c **** 
 772              		.loc 1 398 5 view .LVU281
 773 003a 2046     		mov	r0, r4
 774 003c FFF7FEFF 		bl	DMA_SetConfig
 775              	.LVL42:
 401:Drivers/STM32G4xx_HAL_Driver/Src/stm32g4xx_hal_dma.c ****   }
 776              		.loc 1 401 5 view .LVU282
 777 0040 2268     		ldr	r2, [r4]
 778 0042 1368     		ldr	r3, [r2]
 779 0044 43F00103 		orr	r3, r3, #1
 780 0048 1360     		str	r3, [r2]
 380:Drivers/STM32G4xx_HAL_Driver/Src/stm32g4xx_hal_dma.c **** 
 781              		.loc 1 380 21 is_stmt 0 view .LVU283
 782 004a 2846     		mov	r0, r5
 783 004c EAE7     		b	.L45
 784              	.LVL43:
 785              	.L47:
 386:Drivers/STM32G4xx_HAL_Driver/Src/stm32g4xx_hal_dma.c **** 
 786              		.loc 1 386 3 discriminator 1 view .LVU284
 787 004e 0220     		movs	r0, #2
 788 0050 E8E7     		b	.L45
 789              		.cfi_endproc
 790              	.LFE331:
 792              		.section	.text.HAL_DMA_Start_IT,"ax",%progbits
 793              		.align	1
 794              		.global	HAL_DMA_Start_IT
 795              		.syntax unified
 796              		.thumb
 797              		.thumb_func
 799              	HAL_DMA_Start_IT:
 800              	.LVL44:
 801              	.LFB332:
 423:Drivers/STM32G4xx_HAL_Driver/Src/stm32g4xx_hal_dma.c ****   HAL_StatusTypeDef status = HAL_OK;
 802              		.loc 1 423 1 is_stmt 1 view -0
 803              		.cfi_startproc
ARM GAS  /tmp/ccE3qxy9.s 			page 38


 804              		@ args = 0, pretend = 0, frame = 0
 805              		@ frame_needed = 0, uses_anonymous_args = 0
 423:Drivers/STM32G4xx_HAL_Driver/Src/stm32g4xx_hal_dma.c ****   HAL_StatusTypeDef status = HAL_OK;
 806              		.loc 1 423 1 is_stmt 0 view .LVU286
 807 0000 38B5     		push	{r3, r4, r5, lr}
 808              	.LCFI8:
 809              		.cfi_def_cfa_offset 16
 810              		.cfi_offset 3, -16
 811              		.cfi_offset 4, -12
 812              		.cfi_offset 5, -8
 813              		.cfi_offset 14, -4
 814 0002 0446     		mov	r4, r0
 424:Drivers/STM32G4xx_HAL_Driver/Src/stm32g4xx_hal_dma.c **** 
 815              		.loc 1 424 3 is_stmt 1 view .LVU287
 816              	.LVL45:
 427:Drivers/STM32G4xx_HAL_Driver/Src/stm32g4xx_hal_dma.c **** 
 817              		.loc 1 427 3 view .LVU288
 430:Drivers/STM32G4xx_HAL_Driver/Src/stm32g4xx_hal_dma.c **** 
 818              		.loc 1 430 3 view .LVU289
 430:Drivers/STM32G4xx_HAL_Driver/Src/stm32g4xx_hal_dma.c **** 
 819              		.loc 1 430 3 view .LVU290
 820 0004 90F82400 		ldrb	r0, [r0, #36]	@ zero_extendqisi2
 821              	.LVL46:
 430:Drivers/STM32G4xx_HAL_Driver/Src/stm32g4xx_hal_dma.c **** 
 822              		.loc 1 430 3 is_stmt 0 view .LVU291
 823 0008 0128     		cmp	r0, #1
 824 000a 41D0     		beq	.L57
 430:Drivers/STM32G4xx_HAL_Driver/Src/stm32g4xx_hal_dma.c **** 
 825              		.loc 1 430 3 is_stmt 1 discriminator 2 view .LVU292
 826 000c 0120     		movs	r0, #1
 827 000e 84F82400 		strb	r0, [r4, #36]
 430:Drivers/STM32G4xx_HAL_Driver/Src/stm32g4xx_hal_dma.c **** 
 828              		.loc 1 430 3 discriminator 2 view .LVU293
 432:Drivers/STM32G4xx_HAL_Driver/Src/stm32g4xx_hal_dma.c ****   {
 829              		.loc 1 432 3 view .LVU294
 432:Drivers/STM32G4xx_HAL_Driver/Src/stm32g4xx_hal_dma.c ****   {
 830              		.loc 1 432 34 is_stmt 0 view .LVU295
 831 0012 94F82500 		ldrb	r0, [r4, #37]	@ zero_extendqisi2
 832 0016 C0B2     		uxtb	r0, r0
 432:Drivers/STM32G4xx_HAL_Driver/Src/stm32g4xx_hal_dma.c ****   {
 833              		.loc 1 432 6 view .LVU296
 834 0018 0128     		cmp	r0, #1
 835 001a 04D0     		beq	.L59
 477:Drivers/STM32G4xx_HAL_Driver/Src/stm32g4xx_hal_dma.c **** 
 836              		.loc 1 477 5 is_stmt 1 view .LVU297
 477:Drivers/STM32G4xx_HAL_Driver/Src/stm32g4xx_hal_dma.c **** 
 837              		.loc 1 477 5 view .LVU298
 838 001c 0023     		movs	r3, #0
 839              	.LVL47:
 477:Drivers/STM32G4xx_HAL_Driver/Src/stm32g4xx_hal_dma.c **** 
 840              		.loc 1 477 5 is_stmt 0 view .LVU299
 841 001e 84F82430 		strb	r3, [r4, #36]
 477:Drivers/STM32G4xx_HAL_Driver/Src/stm32g4xx_hal_dma.c **** 
 842              		.loc 1 477 5 is_stmt 1 view .LVU300
 480:Drivers/STM32G4xx_HAL_Driver/Src/stm32g4xx_hal_dma.c ****   }
 843              		.loc 1 480 5 view .LVU301
 844              	.LVL48:
ARM GAS  /tmp/ccE3qxy9.s 			page 39


 480:Drivers/STM32G4xx_HAL_Driver/Src/stm32g4xx_hal_dma.c ****   }
 845              		.loc 1 480 12 is_stmt 0 view .LVU302
 846 0022 0220     		movs	r0, #2
 847              	.LVL49:
 848              	.L51:
 483:Drivers/STM32G4xx_HAL_Driver/Src/stm32g4xx_hal_dma.c **** 
 849              		.loc 1 483 1 view .LVU303
 850 0024 38BD     		pop	{r3, r4, r5, pc}
 851              	.LVL50:
 852              	.L59:
 435:Drivers/STM32G4xx_HAL_Driver/Src/stm32g4xx_hal_dma.c ****     hdma->ErrorCode = HAL_DMA_ERROR_NONE;
 853              		.loc 1 435 5 is_stmt 1 view .LVU304
 435:Drivers/STM32G4xx_HAL_Driver/Src/stm32g4xx_hal_dma.c ****     hdma->ErrorCode = HAL_DMA_ERROR_NONE;
 854              		.loc 1 435 17 is_stmt 0 view .LVU305
 855 0026 0220     		movs	r0, #2
 856 0028 84F82500 		strb	r0, [r4, #37]
 436:Drivers/STM32G4xx_HAL_Driver/Src/stm32g4xx_hal_dma.c **** 
 857              		.loc 1 436 5 is_stmt 1 view .LVU306
 436:Drivers/STM32G4xx_HAL_Driver/Src/stm32g4xx_hal_dma.c **** 
 858              		.loc 1 436 21 is_stmt 0 view .LVU307
 859 002c 0020     		movs	r0, #0
 860 002e E063     		str	r0, [r4, #60]
 439:Drivers/STM32G4xx_HAL_Driver/Src/stm32g4xx_hal_dma.c **** 
 861              		.loc 1 439 5 is_stmt 1 view .LVU308
 862 0030 2568     		ldr	r5, [r4]
 863 0032 2868     		ldr	r0, [r5]
 864 0034 20F00100 		bic	r0, r0, #1
 865 0038 2860     		str	r0, [r5]
 442:Drivers/STM32G4xx_HAL_Driver/Src/stm32g4xx_hal_dma.c **** 
 866              		.loc 1 442 5 view .LVU309
 867 003a 2046     		mov	r0, r4
 868 003c FFF7FEFF 		bl	DMA_SetConfig
 869              	.LVL51:
 446:Drivers/STM32G4xx_HAL_Driver/Src/stm32g4xx_hal_dma.c ****     {
 870              		.loc 1 446 5 view .LVU310
 446:Drivers/STM32G4xx_HAL_Driver/Src/stm32g4xx_hal_dma.c ****     {
 871              		.loc 1 446 21 is_stmt 0 view .LVU311
 872 0040 236B     		ldr	r3, [r4, #48]
 446:Drivers/STM32G4xx_HAL_Driver/Src/stm32g4xx_hal_dma.c ****     {
 873              		.loc 1 446 8 view .LVU312
 874 0042 D3B1     		cbz	r3, .L53
 449:Drivers/STM32G4xx_HAL_Driver/Src/stm32g4xx_hal_dma.c ****     }
 875              		.loc 1 449 7 is_stmt 1 view .LVU313
 876 0044 2268     		ldr	r2, [r4]
 877 0046 1368     		ldr	r3, [r2]
 878 0048 43F00E03 		orr	r3, r3, #14
 879 004c 1360     		str	r3, [r2]
 880              	.L54:
 458:Drivers/STM32G4xx_HAL_Driver/Src/stm32g4xx_hal_dma.c ****     {
 881              		.loc 1 458 5 view .LVU314
 458:Drivers/STM32G4xx_HAL_Driver/Src/stm32g4xx_hal_dma.c ****     {
 882              		.loc 1 458 14 is_stmt 0 view .LVU315
 883 004e A36C     		ldr	r3, [r4, #72]
 458:Drivers/STM32G4xx_HAL_Driver/Src/stm32g4xx_hal_dma.c ****     {
 884              		.loc 1 458 29 view .LVU316
 885 0050 1A68     		ldr	r2, [r3]
 458:Drivers/STM32G4xx_HAL_Driver/Src/stm32g4xx_hal_dma.c ****     {
ARM GAS  /tmp/ccE3qxy9.s 			page 40


 886              		.loc 1 458 8 view .LVU317
 887 0052 12F4803F 		tst	r2, #65536
 888 0056 03D0     		beq	.L55
 461:Drivers/STM32G4xx_HAL_Driver/Src/stm32g4xx_hal_dma.c ****     }
 889              		.loc 1 461 7 is_stmt 1 view .LVU318
 461:Drivers/STM32G4xx_HAL_Driver/Src/stm32g4xx_hal_dma.c ****     }
 890              		.loc 1 461 26 is_stmt 0 view .LVU319
 891 0058 1A68     		ldr	r2, [r3]
 461:Drivers/STM32G4xx_HAL_Driver/Src/stm32g4xx_hal_dma.c ****     }
 892              		.loc 1 461 32 view .LVU320
 893 005a 42F48072 		orr	r2, r2, #256
 894 005e 1A60     		str	r2, [r3]
 895              	.L55:
 464:Drivers/STM32G4xx_HAL_Driver/Src/stm32g4xx_hal_dma.c ****     {
 896              		.loc 1 464 5 is_stmt 1 view .LVU321
 464:Drivers/STM32G4xx_HAL_Driver/Src/stm32g4xx_hal_dma.c ****     {
 897              		.loc 1 464 13 is_stmt 0 view .LVU322
 898 0060 636D     		ldr	r3, [r4, #84]
 464:Drivers/STM32G4xx_HAL_Driver/Src/stm32g4xx_hal_dma.c ****     {
 899              		.loc 1 464 8 view .LVU323
 900 0062 1BB1     		cbz	r3, .L56
 468:Drivers/STM32G4xx_HAL_Driver/Src/stm32g4xx_hal_dma.c ****     }
 901              		.loc 1 468 7 is_stmt 1 view .LVU324
 468:Drivers/STM32G4xx_HAL_Driver/Src/stm32g4xx_hal_dma.c ****     }
 902              		.loc 1 468 29 is_stmt 0 view .LVU325
 903 0064 1A68     		ldr	r2, [r3]
 468:Drivers/STM32G4xx_HAL_Driver/Src/stm32g4xx_hal_dma.c ****     }
 904              		.loc 1 468 36 view .LVU326
 905 0066 42F48072 		orr	r2, r2, #256
 906 006a 1A60     		str	r2, [r3]
 907              	.L56:
 472:Drivers/STM32G4xx_HAL_Driver/Src/stm32g4xx_hal_dma.c ****   }
 908              		.loc 1 472 5 is_stmt 1 view .LVU327
 909 006c 2268     		ldr	r2, [r4]
 910 006e 1368     		ldr	r3, [r2]
 911 0070 43F00103 		orr	r3, r3, #1
 912 0074 1360     		str	r3, [r2]
 424:Drivers/STM32G4xx_HAL_Driver/Src/stm32g4xx_hal_dma.c **** 
 913              		.loc 1 424 21 is_stmt 0 view .LVU328
 914 0076 0020     		movs	r0, #0
 915 0078 D4E7     		b	.L51
 916              	.L53:
 453:Drivers/STM32G4xx_HAL_Driver/Src/stm32g4xx_hal_dma.c ****       __HAL_DMA_ENABLE_IT(hdma, (DMA_IT_TC | DMA_IT_TE));
 917              		.loc 1 453 7 is_stmt 1 view .LVU329
 918 007a 2268     		ldr	r2, [r4]
 919 007c 1368     		ldr	r3, [r2]
 920 007e 23F00403 		bic	r3, r3, #4
 921 0082 1360     		str	r3, [r2]
 454:Drivers/STM32G4xx_HAL_Driver/Src/stm32g4xx_hal_dma.c ****     }
 922              		.loc 1 454 7 view .LVU330
 923 0084 2268     		ldr	r2, [r4]
 924 0086 1368     		ldr	r3, [r2]
 925 0088 43F00A03 		orr	r3, r3, #10
 926 008c 1360     		str	r3, [r2]
 927 008e DEE7     		b	.L54
 928              	.LVL52:
 929              	.L57:
ARM GAS  /tmp/ccE3qxy9.s 			page 41


 430:Drivers/STM32G4xx_HAL_Driver/Src/stm32g4xx_hal_dma.c **** 
 930              		.loc 1 430 3 is_stmt 0 discriminator 1 view .LVU331
 931 0090 0220     		movs	r0, #2
 932 0092 C7E7     		b	.L51
 933              		.cfi_endproc
 934              	.LFE332:
 936              		.section	.text.HAL_DMA_Abort,"ax",%progbits
 937              		.align	1
 938              		.global	HAL_DMA_Abort
 939              		.syntax unified
 940              		.thumb
 941              		.thumb_func
 943              	HAL_DMA_Abort:
 944              	.LVL53:
 945              	.LFB333:
 492:Drivers/STM32G4xx_HAL_Driver/Src/stm32g4xx_hal_dma.c ****   HAL_StatusTypeDef status = HAL_OK;
 946              		.loc 1 492 1 is_stmt 1 view -0
 947              		.cfi_startproc
 948              		@ args = 0, pretend = 0, frame = 0
 949              		@ frame_needed = 0, uses_anonymous_args = 0
 950              		@ link register save eliminated.
 493:Drivers/STM32G4xx_HAL_Driver/Src/stm32g4xx_hal_dma.c **** 
 951              		.loc 1 493 3 view .LVU333
 496:Drivers/STM32G4xx_HAL_Driver/Src/stm32g4xx_hal_dma.c ****   {
 952              		.loc 1 496 3 view .LVU334
 496:Drivers/STM32G4xx_HAL_Driver/Src/stm32g4xx_hal_dma.c ****   {
 953              		.loc 1 496 6 is_stmt 0 view .LVU335
 954 0000 0346     		mov	r3, r0
 955 0002 0028     		cmp	r0, #0
 956 0004 34D0     		beq	.L64
 501:Drivers/STM32G4xx_HAL_Driver/Src/stm32g4xx_hal_dma.c ****   {
 957              		.loc 1 501 3 is_stmt 1 view .LVU336
 501:Drivers/STM32G4xx_HAL_Driver/Src/stm32g4xx_hal_dma.c ****   {
 958              		.loc 1 501 11 is_stmt 0 view .LVU337
 959 0006 90F82520 		ldrb	r2, [r0, #37]	@ zero_extendqisi2
 960 000a D2B2     		uxtb	r2, r2
 501:Drivers/STM32G4xx_HAL_Driver/Src/stm32g4xx_hal_dma.c ****   {
 961              		.loc 1 501 6 view .LVU338
 962 000c 022A     		cmp	r2, #2
 963 000e 09D0     		beq	.L62
 504:Drivers/STM32G4xx_HAL_Driver/Src/stm32g4xx_hal_dma.c **** 
 964              		.loc 1 504 5 is_stmt 1 view .LVU339
 504:Drivers/STM32G4xx_HAL_Driver/Src/stm32g4xx_hal_dma.c **** 
 965              		.loc 1 504 21 is_stmt 0 view .LVU340
 966 0010 0422     		movs	r2, #4
 967 0012 C263     		str	r2, [r0, #60]
 506:Drivers/STM32G4xx_HAL_Driver/Src/stm32g4xx_hal_dma.c ****   }
 968              		.loc 1 506 5 is_stmt 1 view .LVU341
 969              	.LVL54:
 506:Drivers/STM32G4xx_HAL_Driver/Src/stm32g4xx_hal_dma.c ****   }
 970              		.loc 1 506 12 is_stmt 0 view .LVU342
 971 0014 0120     		movs	r0, #1
 972              	.LVL55:
 973              	.L63:
 536:Drivers/STM32G4xx_HAL_Driver/Src/stm32g4xx_hal_dma.c **** 
 974              		.loc 1 536 3 is_stmt 1 view .LVU343
 536:Drivers/STM32G4xx_HAL_Driver/Src/stm32g4xx_hal_dma.c **** 
ARM GAS  /tmp/ccE3qxy9.s 			page 42


 975              		.loc 1 536 15 is_stmt 0 view .LVU344
 976 0016 0122     		movs	r2, #1
 977 0018 83F82520 		strb	r2, [r3, #37]
 539:Drivers/STM32G4xx_HAL_Driver/Src/stm32g4xx_hal_dma.c **** 
 978              		.loc 1 539 3 is_stmt 1 view .LVU345
 539:Drivers/STM32G4xx_HAL_Driver/Src/stm32g4xx_hal_dma.c **** 
 979              		.loc 1 539 3 view .LVU346
 980 001c 0022     		movs	r2, #0
 981 001e 83F82420 		strb	r2, [r3, #36]
 539:Drivers/STM32G4xx_HAL_Driver/Src/stm32g4xx_hal_dma.c **** 
 982              		.loc 1 539 3 view .LVU347
 541:Drivers/STM32G4xx_HAL_Driver/Src/stm32g4xx_hal_dma.c **** }
 983              		.loc 1 541 3 view .LVU348
 541:Drivers/STM32G4xx_HAL_Driver/Src/stm32g4xx_hal_dma.c **** }
 984              		.loc 1 541 10 is_stmt 0 view .LVU349
 985 0022 7047     		bx	lr
 986              	.LVL56:
 987              	.L62:
 511:Drivers/STM32G4xx_HAL_Driver/Src/stm32g4xx_hal_dma.c **** 
 988              		.loc 1 511 5 is_stmt 1 view .LVU350
 989 0024 0168     		ldr	r1, [r0]
 990 0026 0A68     		ldr	r2, [r1]
 991 0028 22F00102 		bic	r2, r2, #1
 992 002c 0A60     		str	r2, [r1]
 514:Drivers/STM32G4xx_HAL_Driver/Src/stm32g4xx_hal_dma.c **** 
 993              		.loc 1 514 5 view .LVU351
 994 002e 0168     		ldr	r1, [r0]
 995 0030 0A68     		ldr	r2, [r1]
 996 0032 22F00E02 		bic	r2, r2, #14
 997 0036 0A60     		str	r2, [r1]
 517:Drivers/STM32G4xx_HAL_Driver/Src/stm32g4xx_hal_dma.c **** 
 998              		.loc 1 517 5 view .LVU352
 517:Drivers/STM32G4xx_HAL_Driver/Src/stm32g4xx_hal_dma.c **** 
 999              		.loc 1 517 9 is_stmt 0 view .LVU353
 1000 0038 816C     		ldr	r1, [r0, #72]
 517:Drivers/STM32G4xx_HAL_Driver/Src/stm32g4xx_hal_dma.c **** 
 1001              		.loc 1 517 24 view .LVU354
 1002 003a 0A68     		ldr	r2, [r1]
 517:Drivers/STM32G4xx_HAL_Driver/Src/stm32g4xx_hal_dma.c **** 
 1003              		.loc 1 517 30 view .LVU355
 1004 003c 22F48072 		bic	r2, r2, #256
 1005 0040 0A60     		str	r2, [r1]
 520:Drivers/STM32G4xx_HAL_Driver/Src/stm32g4xx_hal_dma.c **** 
 1006              		.loc 1 520 5 is_stmt 1 view .LVU356
 520:Drivers/STM32G4xx_HAL_Driver/Src/stm32g4xx_hal_dma.c **** 
 1007              		.loc 1 520 56 is_stmt 0 view .LVU357
 1008 0042 426C     		ldr	r2, [r0, #68]
 520:Drivers/STM32G4xx_HAL_Driver/Src/stm32g4xx_hal_dma.c **** 
 1009              		.loc 1 520 71 view .LVU358
 1010 0044 02F01F01 		and	r1, r2, #31
 520:Drivers/STM32G4xx_HAL_Driver/Src/stm32g4xx_hal_dma.c **** 
 1011              		.loc 1 520 9 view .LVU359
 1012 0048 006C     		ldr	r0, [r0, #64]
 1013              	.LVL57:
 520:Drivers/STM32G4xx_HAL_Driver/Src/stm32g4xx_hal_dma.c **** 
 1014              		.loc 1 520 48 view .LVU360
 1015 004a 0122     		movs	r2, #1
ARM GAS  /tmp/ccE3qxy9.s 			page 43


 1016 004c 8A40     		lsls	r2, r2, r1
 520:Drivers/STM32G4xx_HAL_Driver/Src/stm32g4xx_hal_dma.c **** 
 1017              		.loc 1 520 32 view .LVU361
 1018 004e 4260     		str	r2, [r0, #4]
 523:Drivers/STM32G4xx_HAL_Driver/Src/stm32g4xx_hal_dma.c **** 
 1019              		.loc 1 523 5 is_stmt 1 view .LVU362
 523:Drivers/STM32G4xx_HAL_Driver/Src/stm32g4xx_hal_dma.c **** 
 1020              		.loc 1 523 9 is_stmt 0 view .LVU363
 1021 0050 DA6C     		ldr	r2, [r3, #76]
 523:Drivers/STM32G4xx_HAL_Driver/Src/stm32g4xx_hal_dma.c **** 
 1022              		.loc 1 523 42 view .LVU364
 1023 0052 196D     		ldr	r1, [r3, #80]
 523:Drivers/STM32G4xx_HAL_Driver/Src/stm32g4xx_hal_dma.c **** 
 1024              		.loc 1 523 36 view .LVU365
 1025 0054 5160     		str	r1, [r2, #4]
 525:Drivers/STM32G4xx_HAL_Driver/Src/stm32g4xx_hal_dma.c ****     {
 1026              		.loc 1 525 5 is_stmt 1 view .LVU366
 525:Drivers/STM32G4xx_HAL_Driver/Src/stm32g4xx_hal_dma.c ****     {
 1027              		.loc 1 525 13 is_stmt 0 view .LVU367
 1028 0056 5A6D     		ldr	r2, [r3, #84]
 525:Drivers/STM32G4xx_HAL_Driver/Src/stm32g4xx_hal_dma.c ****     {
 1029              		.loc 1 525 8 view .LVU368
 1030 0058 42B1     		cbz	r2, .L65
 529:Drivers/STM32G4xx_HAL_Driver/Src/stm32g4xx_hal_dma.c **** 
 1031              		.loc 1 529 7 is_stmt 1 view .LVU369
 529:Drivers/STM32G4xx_HAL_Driver/Src/stm32g4xx_hal_dma.c **** 
 1032              		.loc 1 529 29 is_stmt 0 view .LVU370
 1033 005a 1168     		ldr	r1, [r2]
 529:Drivers/STM32G4xx_HAL_Driver/Src/stm32g4xx_hal_dma.c **** 
 1034              		.loc 1 529 36 view .LVU371
 1035 005c 21F48071 		bic	r1, r1, #256
 1036 0060 1160     		str	r1, [r2]
 532:Drivers/STM32G4xx_HAL_Driver/Src/stm32g4xx_hal_dma.c ****     }
 1037              		.loc 1 532 7 is_stmt 1 view .LVU372
 532:Drivers/STM32G4xx_HAL_Driver/Src/stm32g4xx_hal_dma.c ****     }
 1038              		.loc 1 532 11 is_stmt 0 view .LVU373
 1039 0062 9A6D     		ldr	r2, [r3, #88]
 532:Drivers/STM32G4xx_HAL_Driver/Src/stm32g4xx_hal_dma.c ****     }
 1040              		.loc 1 532 49 view .LVU374
 1041 0064 D96D     		ldr	r1, [r3, #92]
 532:Drivers/STM32G4xx_HAL_Driver/Src/stm32g4xx_hal_dma.c ****     }
 1042              		.loc 1 532 43 view .LVU375
 1043 0066 5160     		str	r1, [r2, #4]
 493:Drivers/STM32G4xx_HAL_Driver/Src/stm32g4xx_hal_dma.c **** 
 1044              		.loc 1 493 21 view .LVU376
 1045 0068 0020     		movs	r0, #0
 1046 006a D4E7     		b	.L63
 1047              	.L65:
 1048 006c 0020     		movs	r0, #0
 1049 006e D2E7     		b	.L63
 1050              	.LVL58:
 1051              	.L64:
 498:Drivers/STM32G4xx_HAL_Driver/Src/stm32g4xx_hal_dma.c ****   }
 1052              		.loc 1 498 12 view .LVU377
 1053 0070 0120     		movs	r0, #1
 1054              	.LVL59:
 542:Drivers/STM32G4xx_HAL_Driver/Src/stm32g4xx_hal_dma.c **** 
ARM GAS  /tmp/ccE3qxy9.s 			page 44


 1055              		.loc 1 542 1 view .LVU378
 1056 0072 7047     		bx	lr
 1057              		.cfi_endproc
 1058              	.LFE333:
 1060              		.section	.text.HAL_DMA_Abort_IT,"ax",%progbits
 1061              		.align	1
 1062              		.global	HAL_DMA_Abort_IT
 1063              		.syntax unified
 1064              		.thumb
 1065              		.thumb_func
 1067              	HAL_DMA_Abort_IT:
 1068              	.LVL60:
 1069              	.LFB334:
 551:Drivers/STM32G4xx_HAL_Driver/Src/stm32g4xx_hal_dma.c ****   HAL_StatusTypeDef status = HAL_OK;
 1070              		.loc 1 551 1 is_stmt 1 view -0
 1071              		.cfi_startproc
 1072              		@ args = 0, pretend = 0, frame = 0
 1073              		@ frame_needed = 0, uses_anonymous_args = 0
 551:Drivers/STM32G4xx_HAL_Driver/Src/stm32g4xx_hal_dma.c ****   HAL_StatusTypeDef status = HAL_OK;
 1074              		.loc 1 551 1 is_stmt 0 view .LVU380
 1075 0000 08B5     		push	{r3, lr}
 1076              	.LCFI9:
 1077              		.cfi_def_cfa_offset 8
 1078              		.cfi_offset 3, -8
 1079              		.cfi_offset 14, -4
 552:Drivers/STM32G4xx_HAL_Driver/Src/stm32g4xx_hal_dma.c **** 
 1080              		.loc 1 552 3 is_stmt 1 view .LVU381
 1081              	.LVL61:
 554:Drivers/STM32G4xx_HAL_Driver/Src/stm32g4xx_hal_dma.c ****   {
 1082              		.loc 1 554 3 view .LVU382
 554:Drivers/STM32G4xx_HAL_Driver/Src/stm32g4xx_hal_dma.c ****   {
 1083              		.loc 1 554 33 is_stmt 0 view .LVU383
 1084 0002 90F82530 		ldrb	r3, [r0, #37]	@ zero_extendqisi2
 1085 0006 DBB2     		uxtb	r3, r3
 554:Drivers/STM32G4xx_HAL_Driver/Src/stm32g4xx_hal_dma.c ****   {
 1086              		.loc 1 554 6 view .LVU384
 1087 0008 022B     		cmp	r3, #2
 1088 000a 09D0     		beq	.L67
 557:Drivers/STM32G4xx_HAL_Driver/Src/stm32g4xx_hal_dma.c **** 
 1089              		.loc 1 557 5 is_stmt 1 view .LVU385
 557:Drivers/STM32G4xx_HAL_Driver/Src/stm32g4xx_hal_dma.c **** 
 1090              		.loc 1 557 21 is_stmt 0 view .LVU386
 1091 000c 0423     		movs	r3, #4
 1092 000e C363     		str	r3, [r0, #60]
 560:Drivers/STM32G4xx_HAL_Driver/Src/stm32g4xx_hal_dma.c **** 
 1093              		.loc 1 560 5 is_stmt 1 view .LVU387
 560:Drivers/STM32G4xx_HAL_Driver/Src/stm32g4xx_hal_dma.c **** 
 1094              		.loc 1 560 17 is_stmt 0 view .LVU388
 1095 0010 0123     		movs	r3, #1
 1096 0012 80F82530 		strb	r3, [r0, #37]
 563:Drivers/STM32G4xx_HAL_Driver/Src/stm32g4xx_hal_dma.c **** 
 1097              		.loc 1 563 5 is_stmt 1 view .LVU389
 563:Drivers/STM32G4xx_HAL_Driver/Src/stm32g4xx_hal_dma.c **** 
 1098              		.loc 1 563 5 view .LVU390
 1099 0016 0022     		movs	r2, #0
 1100 0018 80F82420 		strb	r2, [r0, #36]
 563:Drivers/STM32G4xx_HAL_Driver/Src/stm32g4xx_hal_dma.c **** 
ARM GAS  /tmp/ccE3qxy9.s 			page 45


 1101              		.loc 1 563 5 view .LVU391
 565:Drivers/STM32G4xx_HAL_Driver/Src/stm32g4xx_hal_dma.c ****   }
 1102              		.loc 1 565 5 view .LVU392
 1103              	.LVL62:
 565:Drivers/STM32G4xx_HAL_Driver/Src/stm32g4xx_hal_dma.c ****   }
 1104              		.loc 1 565 12 is_stmt 0 view .LVU393
 1105 001c 1846     		mov	r0, r3
 1106              	.LVL63:
 1107              	.L68:
 607:Drivers/STM32G4xx_HAL_Driver/Src/stm32g4xx_hal_dma.c **** }
 1108              		.loc 1 607 3 is_stmt 1 view .LVU394
 608:Drivers/STM32G4xx_HAL_Driver/Src/stm32g4xx_hal_dma.c **** 
 1109              		.loc 1 608 1 is_stmt 0 view .LVU395
 1110 001e 08BD     		pop	{r3, pc}
 1111              	.LVL64:
 1112              	.L67:
 571:Drivers/STM32G4xx_HAL_Driver/Src/stm32g4xx_hal_dma.c **** 
 1113              		.loc 1 571 5 is_stmt 1 view .LVU396
 1114 0020 0268     		ldr	r2, [r0]
 1115 0022 1368     		ldr	r3, [r2]
 1116 0024 23F00103 		bic	r3, r3, #1
 1117 0028 1360     		str	r3, [r2]
 574:Drivers/STM32G4xx_HAL_Driver/Src/stm32g4xx_hal_dma.c **** 
 1118              		.loc 1 574 5 view .LVU397
 1119 002a 0268     		ldr	r2, [r0]
 1120 002c 1368     		ldr	r3, [r2]
 1121 002e 23F00E03 		bic	r3, r3, #14
 1122 0032 1360     		str	r3, [r2]
 577:Drivers/STM32G4xx_HAL_Driver/Src/stm32g4xx_hal_dma.c **** 
 1123              		.loc 1 577 5 view .LVU398
 577:Drivers/STM32G4xx_HAL_Driver/Src/stm32g4xx_hal_dma.c **** 
 1124              		.loc 1 577 9 is_stmt 0 view .LVU399
 1125 0034 826C     		ldr	r2, [r0, #72]
 577:Drivers/STM32G4xx_HAL_Driver/Src/stm32g4xx_hal_dma.c **** 
 1126              		.loc 1 577 24 view .LVU400
 1127 0036 1368     		ldr	r3, [r2]
 577:Drivers/STM32G4xx_HAL_Driver/Src/stm32g4xx_hal_dma.c **** 
 1128              		.loc 1 577 30 view .LVU401
 1129 0038 23F48073 		bic	r3, r3, #256
 1130 003c 1360     		str	r3, [r2]
 580:Drivers/STM32G4xx_HAL_Driver/Src/stm32g4xx_hal_dma.c **** 
 1131              		.loc 1 580 5 is_stmt 1 view .LVU402
 580:Drivers/STM32G4xx_HAL_Driver/Src/stm32g4xx_hal_dma.c **** 
 1132              		.loc 1 580 56 is_stmt 0 view .LVU403
 1133 003e 436C     		ldr	r3, [r0, #68]
 580:Drivers/STM32G4xx_HAL_Driver/Src/stm32g4xx_hal_dma.c **** 
 1134              		.loc 1 580 71 view .LVU404
 1135 0040 03F01F02 		and	r2, r3, #31
 580:Drivers/STM32G4xx_HAL_Driver/Src/stm32g4xx_hal_dma.c **** 
 1136              		.loc 1 580 9 view .LVU405
 1137 0044 016C     		ldr	r1, [r0, #64]
 580:Drivers/STM32G4xx_HAL_Driver/Src/stm32g4xx_hal_dma.c **** 
 1138              		.loc 1 580 48 view .LVU406
 1139 0046 0123     		movs	r3, #1
 1140 0048 9340     		lsls	r3, r3, r2
 580:Drivers/STM32G4xx_HAL_Driver/Src/stm32g4xx_hal_dma.c **** 
 1141              		.loc 1 580 32 view .LVU407
ARM GAS  /tmp/ccE3qxy9.s 			page 46


 1142 004a 4B60     		str	r3, [r1, #4]
 583:Drivers/STM32G4xx_HAL_Driver/Src/stm32g4xx_hal_dma.c **** 
 1143              		.loc 1 583 5 is_stmt 1 view .LVU408
 583:Drivers/STM32G4xx_HAL_Driver/Src/stm32g4xx_hal_dma.c **** 
 1144              		.loc 1 583 9 is_stmt 0 view .LVU409
 1145 004c C36C     		ldr	r3, [r0, #76]
 583:Drivers/STM32G4xx_HAL_Driver/Src/stm32g4xx_hal_dma.c **** 
 1146              		.loc 1 583 42 view .LVU410
 1147 004e 026D     		ldr	r2, [r0, #80]
 583:Drivers/STM32G4xx_HAL_Driver/Src/stm32g4xx_hal_dma.c **** 
 1148              		.loc 1 583 36 view .LVU411
 1149 0050 5A60     		str	r2, [r3, #4]
 585:Drivers/STM32G4xx_HAL_Driver/Src/stm32g4xx_hal_dma.c ****     {
 1150              		.loc 1 585 5 is_stmt 1 view .LVU412
 585:Drivers/STM32G4xx_HAL_Driver/Src/stm32g4xx_hal_dma.c ****     {
 1151              		.loc 1 585 13 is_stmt 0 view .LVU413
 1152 0052 436D     		ldr	r3, [r0, #84]
 585:Drivers/STM32G4xx_HAL_Driver/Src/stm32g4xx_hal_dma.c ****     {
 1153              		.loc 1 585 8 view .LVU414
 1154 0054 33B1     		cbz	r3, .L69
 589:Drivers/STM32G4xx_HAL_Driver/Src/stm32g4xx_hal_dma.c **** 
 1155              		.loc 1 589 7 is_stmt 1 view .LVU415
 589:Drivers/STM32G4xx_HAL_Driver/Src/stm32g4xx_hal_dma.c **** 
 1156              		.loc 1 589 29 is_stmt 0 view .LVU416
 1157 0056 1A68     		ldr	r2, [r3]
 589:Drivers/STM32G4xx_HAL_Driver/Src/stm32g4xx_hal_dma.c **** 
 1158              		.loc 1 589 36 view .LVU417
 1159 0058 22F48072 		bic	r2, r2, #256
 1160 005c 1A60     		str	r2, [r3]
 592:Drivers/STM32G4xx_HAL_Driver/Src/stm32g4xx_hal_dma.c ****     }
 1161              		.loc 1 592 7 is_stmt 1 view .LVU418
 592:Drivers/STM32G4xx_HAL_Driver/Src/stm32g4xx_hal_dma.c ****     }
 1162              		.loc 1 592 11 is_stmt 0 view .LVU419
 1163 005e 836D     		ldr	r3, [r0, #88]
 592:Drivers/STM32G4xx_HAL_Driver/Src/stm32g4xx_hal_dma.c ****     }
 1164              		.loc 1 592 49 view .LVU420
 1165 0060 C26D     		ldr	r2, [r0, #92]
 592:Drivers/STM32G4xx_HAL_Driver/Src/stm32g4xx_hal_dma.c ****     }
 1166              		.loc 1 592 43 view .LVU421
 1167 0062 5A60     		str	r2, [r3, #4]
 1168              	.L69:
 596:Drivers/STM32G4xx_HAL_Driver/Src/stm32g4xx_hal_dma.c **** 
 1169              		.loc 1 596 5 is_stmt 1 view .LVU422
 596:Drivers/STM32G4xx_HAL_Driver/Src/stm32g4xx_hal_dma.c **** 
 1170              		.loc 1 596 17 is_stmt 0 view .LVU423
 1171 0064 0123     		movs	r3, #1
 1172 0066 80F82530 		strb	r3, [r0, #37]
 599:Drivers/STM32G4xx_HAL_Driver/Src/stm32g4xx_hal_dma.c **** 
 1173              		.loc 1 599 5 is_stmt 1 view .LVU424
 599:Drivers/STM32G4xx_HAL_Driver/Src/stm32g4xx_hal_dma.c **** 
 1174              		.loc 1 599 5 view .LVU425
 1175 006a 0023     		movs	r3, #0
 1176 006c 80F82430 		strb	r3, [r0, #36]
 599:Drivers/STM32G4xx_HAL_Driver/Src/stm32g4xx_hal_dma.c **** 
 1177              		.loc 1 599 5 view .LVU426
 602:Drivers/STM32G4xx_HAL_Driver/Src/stm32g4xx_hal_dma.c ****     {
 1178              		.loc 1 602 5 view .LVU427
ARM GAS  /tmp/ccE3qxy9.s 			page 47


 602:Drivers/STM32G4xx_HAL_Driver/Src/stm32g4xx_hal_dma.c ****     {
 1179              		.loc 1 602 13 is_stmt 0 view .LVU428
 1180 0070 836B     		ldr	r3, [r0, #56]
 602:Drivers/STM32G4xx_HAL_Driver/Src/stm32g4xx_hal_dma.c ****     {
 1181              		.loc 1 602 8 view .LVU429
 1182 0072 13B1     		cbz	r3, .L70
 604:Drivers/STM32G4xx_HAL_Driver/Src/stm32g4xx_hal_dma.c ****     }
 1183              		.loc 1 604 7 is_stmt 1 view .LVU430
 1184 0074 9847     		blx	r3
 1185              	.LVL65:
 552:Drivers/STM32G4xx_HAL_Driver/Src/stm32g4xx_hal_dma.c **** 
 1186              		.loc 1 552 21 is_stmt 0 view .LVU431
 1187 0076 0020     		movs	r0, #0
 1188 0078 D1E7     		b	.L68
 1189              	.LVL66:
 1190              	.L70:
 552:Drivers/STM32G4xx_HAL_Driver/Src/stm32g4xx_hal_dma.c **** 
 1191              		.loc 1 552 21 view .LVU432
 1192 007a 0020     		movs	r0, #0
 1193              	.LVL67:
 552:Drivers/STM32G4xx_HAL_Driver/Src/stm32g4xx_hal_dma.c **** 
 1194              		.loc 1 552 21 view .LVU433
 1195 007c CFE7     		b	.L68
 1196              		.cfi_endproc
 1197              	.LFE334:
 1199              		.section	.text.HAL_DMA_PollForTransfer,"ax",%progbits
 1200              		.align	1
 1201              		.global	HAL_DMA_PollForTransfer
 1202              		.syntax unified
 1203              		.thumb
 1204              		.thumb_func
 1206              	HAL_DMA_PollForTransfer:
 1207              	.LVL68:
 1208              	.LFB335:
 620:Drivers/STM32G4xx_HAL_Driver/Src/stm32g4xx_hal_dma.c ****   uint32_t temp;
 1209              		.loc 1 620 1 is_stmt 1 view -0
 1210              		.cfi_startproc
 1211              		@ args = 0, pretend = 0, frame = 0
 1212              		@ frame_needed = 0, uses_anonymous_args = 0
 620:Drivers/STM32G4xx_HAL_Driver/Src/stm32g4xx_hal_dma.c ****   uint32_t temp;
 1213              		.loc 1 620 1 is_stmt 0 view .LVU435
 1214 0000 2DE9F041 		push	{r4, r5, r6, r7, r8, lr}
 1215              	.LCFI10:
 1216              		.cfi_def_cfa_offset 24
 1217              		.cfi_offset 4, -24
 1218              		.cfi_offset 5, -20
 1219              		.cfi_offset 6, -16
 1220              		.cfi_offset 7, -12
 1221              		.cfi_offset 8, -8
 1222              		.cfi_offset 14, -4
 1223 0004 0446     		mov	r4, r0
 621:Drivers/STM32G4xx_HAL_Driver/Src/stm32g4xx_hal_dma.c ****   uint32_t tickstart;
 1224              		.loc 1 621 3 is_stmt 1 view .LVU436
 622:Drivers/STM32G4xx_HAL_Driver/Src/stm32g4xx_hal_dma.c **** 
 1225              		.loc 1 622 3 view .LVU437
 624:Drivers/STM32G4xx_HAL_Driver/Src/stm32g4xx_hal_dma.c ****   {
 1226              		.loc 1 624 3 view .LVU438
ARM GAS  /tmp/ccE3qxy9.s 			page 48


 624:Drivers/STM32G4xx_HAL_Driver/Src/stm32g4xx_hal_dma.c ****   {
 1227              		.loc 1 624 33 is_stmt 0 view .LVU439
 1228 0006 90F82530 		ldrb	r3, [r0, #37]	@ zero_extendqisi2
 1229 000a DBB2     		uxtb	r3, r3
 624:Drivers/STM32G4xx_HAL_Driver/Src/stm32g4xx_hal_dma.c ****   {
 1230              		.loc 1 624 6 view .LVU440
 1231 000c 022B     		cmp	r3, #2
 1232 000e 07D0     		beq	.L73
 627:Drivers/STM32G4xx_HAL_Driver/Src/stm32g4xx_hal_dma.c ****     __HAL_UNLOCK(hdma);
 1233              		.loc 1 627 5 is_stmt 1 view .LVU441
 627:Drivers/STM32G4xx_HAL_Driver/Src/stm32g4xx_hal_dma.c ****     __HAL_UNLOCK(hdma);
 1234              		.loc 1 627 21 is_stmt 0 view .LVU442
 1235 0010 0423     		movs	r3, #4
 1236 0012 C363     		str	r3, [r0, #60]
 628:Drivers/STM32G4xx_HAL_Driver/Src/stm32g4xx_hal_dma.c ****     return HAL_ERROR;
 1237              		.loc 1 628 5 is_stmt 1 view .LVU443
 628:Drivers/STM32G4xx_HAL_Driver/Src/stm32g4xx_hal_dma.c ****     return HAL_ERROR;
 1238              		.loc 1 628 5 view .LVU444
 1239 0014 0023     		movs	r3, #0
 1240 0016 80F82430 		strb	r3, [r0, #36]
 628:Drivers/STM32G4xx_HAL_Driver/Src/stm32g4xx_hal_dma.c ****     return HAL_ERROR;
 1241              		.loc 1 628 5 view .LVU445
 629:Drivers/STM32G4xx_HAL_Driver/Src/stm32g4xx_hal_dma.c ****   }
 1242              		.loc 1 629 5 view .LVU446
 629:Drivers/STM32G4xx_HAL_Driver/Src/stm32g4xx_hal_dma.c ****   }
 1243              		.loc 1 629 12 is_stmt 0 view .LVU447
 1244 001a 0120     		movs	r0, #1
 1245              	.LVL69:
 1246              	.L74:
 740:Drivers/STM32G4xx_HAL_Driver/Src/stm32g4xx_hal_dma.c **** 
 1247              		.loc 1 740 1 view .LVU448
 1248 001c BDE8F081 		pop	{r4, r5, r6, r7, r8, pc}
 1249              	.LVL70:
 1250              	.L73:
 740:Drivers/STM32G4xx_HAL_Driver/Src/stm32g4xx_hal_dma.c **** 
 1251              		.loc 1 740 1 view .LVU449
 1252 0020 0F46     		mov	r7, r1
 1253 0022 1546     		mov	r5, r2
 633:Drivers/STM32G4xx_HAL_Driver/Src/stm32g4xx_hal_dma.c ****   {
 1254              		.loc 1 633 3 is_stmt 1 view .LVU450
 633:Drivers/STM32G4xx_HAL_Driver/Src/stm32g4xx_hal_dma.c ****   {
 1255              		.loc 1 633 18 is_stmt 0 view .LVU451
 1256 0024 0368     		ldr	r3, [r0]
 633:Drivers/STM32G4xx_HAL_Driver/Src/stm32g4xx_hal_dma.c ****   {
 1257              		.loc 1 633 28 view .LVU452
 1258 0026 1B68     		ldr	r3, [r3]
 633:Drivers/STM32G4xx_HAL_Driver/Src/stm32g4xx_hal_dma.c ****   {
 1259              		.loc 1 633 6 view .LVU453
 1260 0028 13F0200F 		tst	r3, #32
 1261 002c 2BD1     		bne	.L88
 640:Drivers/STM32G4xx_HAL_Driver/Src/stm32g4xx_hal_dma.c ****   {
 1262              		.loc 1 640 3 is_stmt 1 view .LVU454
 640:Drivers/STM32G4xx_HAL_Driver/Src/stm32g4xx_hal_dma.c ****   {
 1263              		.loc 1 640 6 is_stmt 0 view .LVU455
 1264 002e 79BB     		cbnz	r1, .L76
 644:Drivers/STM32G4xx_HAL_Driver/Src/stm32g4xx_hal_dma.c ****   }
 1265              		.loc 1 644 5 is_stmt 1 view .LVU456
ARM GAS  /tmp/ccE3qxy9.s 			page 49


 644:Drivers/STM32G4xx_HAL_Driver/Src/stm32g4xx_hal_dma.c ****   }
 1266              		.loc 1 644 43 is_stmt 0 view .LVU457
 1267 0030 436C     		ldr	r3, [r0, #68]
 644:Drivers/STM32G4xx_HAL_Driver/Src/stm32g4xx_hal_dma.c ****   }
 1268              		.loc 1 644 58 view .LVU458
 1269 0032 03F01F03 		and	r3, r3, #31
 644:Drivers/STM32G4xx_HAL_Driver/Src/stm32g4xx_hal_dma.c ****   }
 1270              		.loc 1 644 10 view .LVU459
 1271 0036 0226     		movs	r6, #2
 1272 0038 9E40     		lsls	r6, r6, r3
 1273              	.LVL71:
 1274              	.L77:
 653:Drivers/STM32G4xx_HAL_Driver/Src/stm32g4xx_hal_dma.c **** 
 1275              		.loc 1 653 3 is_stmt 1 view .LVU460
 653:Drivers/STM32G4xx_HAL_Driver/Src/stm32g4xx_hal_dma.c **** 
 1276              		.loc 1 653 15 is_stmt 0 view .LVU461
 1277 003a FFF7FEFF 		bl	HAL_GetTick
 1278              	.LVL72:
 653:Drivers/STM32G4xx_HAL_Driver/Src/stm32g4xx_hal_dma.c **** 
 1279              		.loc 1 653 15 view .LVU462
 1280 003e 8046     		mov	r8, r0
 1281              	.LVL73:
 655:Drivers/STM32G4xx_HAL_Driver/Src/stm32g4xx_hal_dma.c ****   {
 1282              		.loc 1 655 3 is_stmt 1 view .LVU463
 1283              	.L80:
 655:Drivers/STM32G4xx_HAL_Driver/Src/stm32g4xx_hal_dma.c ****   {
 1284              		.loc 1 655 13 view .LVU464
 655:Drivers/STM32G4xx_HAL_Driver/Src/stm32g4xx_hal_dma.c ****   {
 1285              		.loc 1 655 21 is_stmt 0 view .LVU465
 1286 0040 226C     		ldr	r2, [r4, #64]
 655:Drivers/STM32G4xx_HAL_Driver/Src/stm32g4xx_hal_dma.c ****   {
 1287              		.loc 1 655 37 view .LVU466
 1288 0042 1368     		ldr	r3, [r2]
 655:Drivers/STM32G4xx_HAL_Driver/Src/stm32g4xx_hal_dma.c ****   {
 1289              		.loc 1 655 13 view .LVU467
 1290 0044 3342     		tst	r3, r6
 1291 0046 34D1     		bne	.L89
 657:Drivers/STM32G4xx_HAL_Driver/Src/stm32g4xx_hal_dma.c ****     {
 1292              		.loc 1 657 5 is_stmt 1 view .LVU468
 657:Drivers/STM32G4xx_HAL_Driver/Src/stm32g4xx_hal_dma.c ****     {
 1293              		.loc 1 657 37 is_stmt 0 view .LVU469
 1294 0048 1168     		ldr	r1, [r2]
 657:Drivers/STM32G4xx_HAL_Driver/Src/stm32g4xx_hal_dma.c ****     {
 1295              		.loc 1 657 77 view .LVU470
 1296 004a 636C     		ldr	r3, [r4, #68]
 657:Drivers/STM32G4xx_HAL_Driver/Src/stm32g4xx_hal_dma.c ****     {
 1297              		.loc 1 657 92 view .LVU471
 1298 004c 03F01F03 		and	r3, r3, #31
 657:Drivers/STM32G4xx_HAL_Driver/Src/stm32g4xx_hal_dma.c ****     {
 1299              		.loc 1 657 69 view .LVU472
 1300 0050 4FF0080C 		mov	ip, #8
 1301 0054 0CFA03FC 		lsl	ip, ip, r3
 657:Drivers/STM32G4xx_HAL_Driver/Src/stm32g4xx_hal_dma.c ****     {
 1302              		.loc 1 657 8 view .LVU473
 1303 0058 11EA0C0F 		tst	r1, ip
 1304 005c 1ED1     		bne	.L90
 676:Drivers/STM32G4xx_HAL_Driver/Src/stm32g4xx_hal_dma.c ****     {
ARM GAS  /tmp/ccE3qxy9.s 			page 50


 1305              		.loc 1 676 5 is_stmt 1 view .LVU474
 676:Drivers/STM32G4xx_HAL_Driver/Src/stm32g4xx_hal_dma.c ****     {
 1306              		.loc 1 676 8 is_stmt 0 view .LVU475
 1307 005e B5F1FF3F 		cmp	r5, #-1
 1308 0062 EDD0     		beq	.L80
 678:Drivers/STM32G4xx_HAL_Driver/Src/stm32g4xx_hal_dma.c ****       {
 1309              		.loc 1 678 7 is_stmt 1 view .LVU476
 678:Drivers/STM32G4xx_HAL_Driver/Src/stm32g4xx_hal_dma.c ****       {
 1310              		.loc 1 678 13 is_stmt 0 view .LVU477
 1311 0064 FFF7FEFF 		bl	HAL_GetTick
 1312              	.LVL74:
 678:Drivers/STM32G4xx_HAL_Driver/Src/stm32g4xx_hal_dma.c ****       {
 1313              		.loc 1 678 27 discriminator 1 view .LVU478
 1314 0068 A0EB0800 		sub	r0, r0, r8
 678:Drivers/STM32G4xx_HAL_Driver/Src/stm32g4xx_hal_dma.c ****       {
 1315              		.loc 1 678 10 discriminator 1 view .LVU479
 1316 006c A842     		cmp	r0, r5
 1317 006e 01D8     		bhi	.L81
 678:Drivers/STM32G4xx_HAL_Driver/Src/stm32g4xx_hal_dma.c ****       {
 1318              		.loc 1 678 51 discriminator 1 view .LVU480
 1319 0070 002D     		cmp	r5, #0
 1320 0072 E5D1     		bne	.L80
 1321              	.L81:
 681:Drivers/STM32G4xx_HAL_Driver/Src/stm32g4xx_hal_dma.c **** 
 1322              		.loc 1 681 9 is_stmt 1 view .LVU481
 681:Drivers/STM32G4xx_HAL_Driver/Src/stm32g4xx_hal_dma.c **** 
 1323              		.loc 1 681 25 is_stmt 0 view .LVU482
 1324 0074 2023     		movs	r3, #32
 1325 0076 E363     		str	r3, [r4, #60]
 684:Drivers/STM32G4xx_HAL_Driver/Src/stm32g4xx_hal_dma.c **** 
 1326              		.loc 1 684 9 is_stmt 1 view .LVU483
 684:Drivers/STM32G4xx_HAL_Driver/Src/stm32g4xx_hal_dma.c **** 
 1327              		.loc 1 684 21 is_stmt 0 view .LVU484
 1328 0078 0120     		movs	r0, #1
 1329 007a 84F82500 		strb	r0, [r4, #37]
 687:Drivers/STM32G4xx_HAL_Driver/Src/stm32g4xx_hal_dma.c **** 
 1330              		.loc 1 687 9 is_stmt 1 view .LVU485
 687:Drivers/STM32G4xx_HAL_Driver/Src/stm32g4xx_hal_dma.c **** 
 1331              		.loc 1 687 9 view .LVU486
 1332 007e 0023     		movs	r3, #0
 1333 0080 84F82430 		strb	r3, [r4, #36]
 687:Drivers/STM32G4xx_HAL_Driver/Src/stm32g4xx_hal_dma.c **** 
 1334              		.loc 1 687 9 view .LVU487
 689:Drivers/STM32G4xx_HAL_Driver/Src/stm32g4xx_hal_dma.c ****       }
 1335              		.loc 1 689 9 view .LVU488
 689:Drivers/STM32G4xx_HAL_Driver/Src/stm32g4xx_hal_dma.c ****       }
 1336              		.loc 1 689 16 is_stmt 0 view .LVU489
 1337 0084 CAE7     		b	.L74
 1338              	.LVL75:
 1339              	.L88:
 635:Drivers/STM32G4xx_HAL_Driver/Src/stm32g4xx_hal_dma.c ****     return HAL_ERROR;
 1340              		.loc 1 635 5 is_stmt 1 view .LVU490
 635:Drivers/STM32G4xx_HAL_Driver/Src/stm32g4xx_hal_dma.c ****     return HAL_ERROR;
 1341              		.loc 1 635 21 is_stmt 0 view .LVU491
 1342 0086 4FF48073 		mov	r3, #256
 1343 008a C363     		str	r3, [r0, #60]
 636:Drivers/STM32G4xx_HAL_Driver/Src/stm32g4xx_hal_dma.c ****   }
ARM GAS  /tmp/ccE3qxy9.s 			page 51


 1344              		.loc 1 636 5 is_stmt 1 view .LVU492
 636:Drivers/STM32G4xx_HAL_Driver/Src/stm32g4xx_hal_dma.c ****   }
 1345              		.loc 1 636 12 is_stmt 0 view .LVU493
 1346 008c 0120     		movs	r0, #1
 1347              	.LVL76:
 636:Drivers/STM32G4xx_HAL_Driver/Src/stm32g4xx_hal_dma.c ****   }
 1348              		.loc 1 636 12 view .LVU494
 1349 008e C5E7     		b	.L74
 1350              	.LVL77:
 1351              	.L76:
 649:Drivers/STM32G4xx_HAL_Driver/Src/stm32g4xx_hal_dma.c ****   }
 1352              		.loc 1 649 5 is_stmt 1 view .LVU495
 649:Drivers/STM32G4xx_HAL_Driver/Src/stm32g4xx_hal_dma.c ****   }
 1353              		.loc 1 649 43 is_stmt 0 view .LVU496
 1354 0090 436C     		ldr	r3, [r0, #68]
 649:Drivers/STM32G4xx_HAL_Driver/Src/stm32g4xx_hal_dma.c ****   }
 1355              		.loc 1 649 58 view .LVU497
 1356 0092 03F01F03 		and	r3, r3, #31
 649:Drivers/STM32G4xx_HAL_Driver/Src/stm32g4xx_hal_dma.c ****   }
 1357              		.loc 1 649 10 view .LVU498
 1358 0096 0426     		movs	r6, #4
 1359 0098 9E40     		lsls	r6, r6, r3
 1360              	.LVL78:
 649:Drivers/STM32G4xx_HAL_Driver/Src/stm32g4xx_hal_dma.c ****   }
 1361              		.loc 1 649 10 view .LVU499
 1362 009a CEE7     		b	.L77
 1363              	.LVL79:
 1364              	.L90:
 662:Drivers/STM32G4xx_HAL_Driver/Src/stm32g4xx_hal_dma.c **** 
 1365              		.loc 1 662 7 is_stmt 1 view .LVU500
 662:Drivers/STM32G4xx_HAL_Driver/Src/stm32g4xx_hal_dma.c **** 
 1366              		.loc 1 662 60 is_stmt 0 view .LVU501
 1367 009c 0120     		movs	r0, #1
 1368 009e 00FA03F3 		lsl	r3, r0, r3
 662:Drivers/STM32G4xx_HAL_Driver/Src/stm32g4xx_hal_dma.c **** 
 1369              		.loc 1 662 34 view .LVU502
 1370 00a2 5360     		str	r3, [r2, #4]
 665:Drivers/STM32G4xx_HAL_Driver/Src/stm32g4xx_hal_dma.c **** 
 1371              		.loc 1 665 7 is_stmt 1 view .LVU503
 665:Drivers/STM32G4xx_HAL_Driver/Src/stm32g4xx_hal_dma.c **** 
 1372              		.loc 1 665 23 is_stmt 0 view .LVU504
 1373 00a4 E063     		str	r0, [r4, #60]
 668:Drivers/STM32G4xx_HAL_Driver/Src/stm32g4xx_hal_dma.c **** 
 1374              		.loc 1 668 7 is_stmt 1 view .LVU505
 668:Drivers/STM32G4xx_HAL_Driver/Src/stm32g4xx_hal_dma.c **** 
 1375              		.loc 1 668 19 is_stmt 0 view .LVU506
 1376 00a6 84F82500 		strb	r0, [r4, #37]
 671:Drivers/STM32G4xx_HAL_Driver/Src/stm32g4xx_hal_dma.c **** 
 1377              		.loc 1 671 7 is_stmt 1 view .LVU507
 671:Drivers/STM32G4xx_HAL_Driver/Src/stm32g4xx_hal_dma.c **** 
 1378              		.loc 1 671 7 view .LVU508
 1379 00aa 0023     		movs	r3, #0
 1380 00ac 84F82430 		strb	r3, [r4, #36]
 671:Drivers/STM32G4xx_HAL_Driver/Src/stm32g4xx_hal_dma.c **** 
 1381              		.loc 1 671 7 view .LVU509
 673:Drivers/STM32G4xx_HAL_Driver/Src/stm32g4xx_hal_dma.c ****     }
 1382              		.loc 1 673 7 view .LVU510
ARM GAS  /tmp/ccE3qxy9.s 			page 52


 673:Drivers/STM32G4xx_HAL_Driver/Src/stm32g4xx_hal_dma.c ****     }
 1383              		.loc 1 673 14 is_stmt 0 view .LVU511
 1384 00b0 B4E7     		b	.L74
 1385              	.L89:
 695:Drivers/STM32G4xx_HAL_Driver/Src/stm32g4xx_hal_dma.c ****   {
 1386              		.loc 1 695 3 is_stmt 1 view .LVU512
 695:Drivers/STM32G4xx_HAL_Driver/Src/stm32g4xx_hal_dma.c ****   {
 1387              		.loc 1 695 11 is_stmt 0 view .LVU513
 1388 00b2 636D     		ldr	r3, [r4, #84]
 695:Drivers/STM32G4xx_HAL_Driver/Src/stm32g4xx_hal_dma.c ****   {
 1389              		.loc 1 695 6 view .LVU514
 1390 00b4 7BB1     		cbz	r3, .L83
 698:Drivers/STM32G4xx_HAL_Driver/Src/stm32g4xx_hal_dma.c ****     {
 1391              		.loc 1 698 5 is_stmt 1 view .LVU515
 698:Drivers/STM32G4xx_HAL_Driver/Src/stm32g4xx_hal_dma.c ****     {
 1392              		.loc 1 698 14 is_stmt 0 view .LVU516
 1393 00b6 A26D     		ldr	r2, [r4, #88]
 698:Drivers/STM32G4xx_HAL_Driver/Src/stm32g4xx_hal_dma.c ****     {
 1394              		.loc 1 698 38 view .LVU517
 1395 00b8 1168     		ldr	r1, [r2]
 698:Drivers/STM32G4xx_HAL_Driver/Src/stm32g4xx_hal_dma.c ****     {
 1396              		.loc 1 698 51 view .LVU518
 1397 00ba E26D     		ldr	r2, [r4, #92]
 698:Drivers/STM32G4xx_HAL_Driver/Src/stm32g4xx_hal_dma.c ****     {
 1398              		.loc 1 698 8 view .LVU519
 1399 00bc 1142     		tst	r1, r2
 1400 00be 0AD0     		beq	.L83
 701:Drivers/STM32G4xx_HAL_Driver/Src/stm32g4xx_hal_dma.c **** 
 1401              		.loc 1 701 7 is_stmt 1 view .LVU520
 701:Drivers/STM32G4xx_HAL_Driver/Src/stm32g4xx_hal_dma.c **** 
 1402              		.loc 1 701 29 is_stmt 0 view .LVU521
 1403 00c0 1A68     		ldr	r2, [r3]
 701:Drivers/STM32G4xx_HAL_Driver/Src/stm32g4xx_hal_dma.c **** 
 1404              		.loc 1 701 36 view .LVU522
 1405 00c2 42F48072 		orr	r2, r2, #256
 1406 00c6 1A60     		str	r2, [r3]
 704:Drivers/STM32G4xx_HAL_Driver/Src/stm32g4xx_hal_dma.c **** 
 1407              		.loc 1 704 7 is_stmt 1 view .LVU523
 704:Drivers/STM32G4xx_HAL_Driver/Src/stm32g4xx_hal_dma.c **** 
 1408              		.loc 1 704 11 is_stmt 0 view .LVU524
 1409 00c8 A36D     		ldr	r3, [r4, #88]
 704:Drivers/STM32G4xx_HAL_Driver/Src/stm32g4xx_hal_dma.c **** 
 1410              		.loc 1 704 49 view .LVU525
 1411 00ca E26D     		ldr	r2, [r4, #92]
 704:Drivers/STM32G4xx_HAL_Driver/Src/stm32g4xx_hal_dma.c **** 
 1412              		.loc 1 704 43 view .LVU526
 1413 00cc 5A60     		str	r2, [r3, #4]
 707:Drivers/STM32G4xx_HAL_Driver/Src/stm32g4xx_hal_dma.c ****     }
 1414              		.loc 1 707 7 is_stmt 1 view .LVU527
 707:Drivers/STM32G4xx_HAL_Driver/Src/stm32g4xx_hal_dma.c ****     }
 1415              		.loc 1 707 11 is_stmt 0 view .LVU528
 1416 00ce E36B     		ldr	r3, [r4, #60]
 707:Drivers/STM32G4xx_HAL_Driver/Src/stm32g4xx_hal_dma.c ****     }
 1417              		.loc 1 707 23 view .LVU529
 1418 00d0 43F48063 		orr	r3, r3, #1024
 1419 00d4 E363     		str	r3, [r4, #60]
 1420              	.L83:
ARM GAS  /tmp/ccE3qxy9.s 			page 53


 712:Drivers/STM32G4xx_HAL_Driver/Src/stm32g4xx_hal_dma.c ****   {
 1421              		.loc 1 712 3 is_stmt 1 view .LVU530
 712:Drivers/STM32G4xx_HAL_Driver/Src/stm32g4xx_hal_dma.c ****   {
 1422              		.loc 1 712 12 is_stmt 0 view .LVU531
 1423 00d6 E36C     		ldr	r3, [r4, #76]
 712:Drivers/STM32G4xx_HAL_Driver/Src/stm32g4xx_hal_dma.c ****   {
 1424              		.loc 1 712 33 view .LVU532
 1425 00d8 1968     		ldr	r1, [r3]
 712:Drivers/STM32G4xx_HAL_Driver/Src/stm32g4xx_hal_dma.c ****   {
 1426              		.loc 1 712 45 view .LVU533
 1427 00da 226D     		ldr	r2, [r4, #80]
 712:Drivers/STM32G4xx_HAL_Driver/Src/stm32g4xx_hal_dma.c ****   {
 1428              		.loc 1 712 6 view .LVU534
 1429 00dc 1142     		tst	r1, r2
 1430 00de 04D0     		beq	.L84
 715:Drivers/STM32G4xx_HAL_Driver/Src/stm32g4xx_hal_dma.c **** 
 1431              		.loc 1 715 5 is_stmt 1 view .LVU535
 715:Drivers/STM32G4xx_HAL_Driver/Src/stm32g4xx_hal_dma.c **** 
 1432              		.loc 1 715 36 is_stmt 0 view .LVU536
 1433 00e0 5A60     		str	r2, [r3, #4]
 718:Drivers/STM32G4xx_HAL_Driver/Src/stm32g4xx_hal_dma.c ****   }
 1434              		.loc 1 718 5 is_stmt 1 view .LVU537
 718:Drivers/STM32G4xx_HAL_Driver/Src/stm32g4xx_hal_dma.c ****   }
 1435              		.loc 1 718 9 is_stmt 0 view .LVU538
 1436 00e2 E36B     		ldr	r3, [r4, #60]
 718:Drivers/STM32G4xx_HAL_Driver/Src/stm32g4xx_hal_dma.c ****   }
 1437              		.loc 1 718 21 view .LVU539
 1438 00e4 43F40073 		orr	r3, r3, #512
 1439 00e8 E363     		str	r3, [r4, #60]
 1440              	.L84:
 721:Drivers/STM32G4xx_HAL_Driver/Src/stm32g4xx_hal_dma.c ****   {
 1441              		.loc 1 721 3 is_stmt 1 view .LVU540
 721:Drivers/STM32G4xx_HAL_Driver/Src/stm32g4xx_hal_dma.c ****   {
 1442              		.loc 1 721 6 is_stmt 0 view .LVU541
 1443 00ea 6FB9     		cbnz	r7, .L85
 724:Drivers/STM32G4xx_HAL_Driver/Src/stm32g4xx_hal_dma.c **** 
 1444              		.loc 1 724 5 is_stmt 1 view .LVU542
 724:Drivers/STM32G4xx_HAL_Driver/Src/stm32g4xx_hal_dma.c **** 
 1445              		.loc 1 724 66 is_stmt 0 view .LVU543
 1446 00ec 636C     		ldr	r3, [r4, #68]
 724:Drivers/STM32G4xx_HAL_Driver/Src/stm32g4xx_hal_dma.c **** 
 1447              		.loc 1 724 81 view .LVU544
 1448 00ee 03F01F02 		and	r2, r3, #31
 724:Drivers/STM32G4xx_HAL_Driver/Src/stm32g4xx_hal_dma.c **** 
 1449              		.loc 1 724 9 view .LVU545
 1450 00f2 216C     		ldr	r1, [r4, #64]
 724:Drivers/STM32G4xx_HAL_Driver/Src/stm32g4xx_hal_dma.c **** 
 1451              		.loc 1 724 58 view .LVU546
 1452 00f4 0223     		movs	r3, #2
 1453 00f6 9340     		lsls	r3, r3, r2
 724:Drivers/STM32G4xx_HAL_Driver/Src/stm32g4xx_hal_dma.c **** 
 1454              		.loc 1 724 32 view .LVU547
 1455 00f8 4B60     		str	r3, [r1, #4]
 728:Drivers/STM32G4xx_HAL_Driver/Src/stm32g4xx_hal_dma.c ****   }
 1456              		.loc 1 728 5 is_stmt 1 view .LVU548
 728:Drivers/STM32G4xx_HAL_Driver/Src/stm32g4xx_hal_dma.c ****   }
 1457              		.loc 1 728 17 is_stmt 0 view .LVU549
ARM GAS  /tmp/ccE3qxy9.s 			page 54


 1458 00fa 0123     		movs	r3, #1
 1459 00fc 84F82530 		strb	r3, [r4, #37]
 1460              	.L86:
 737:Drivers/STM32G4xx_HAL_Driver/Src/stm32g4xx_hal_dma.c **** 
 1461              		.loc 1 737 3 is_stmt 1 view .LVU550
 737:Drivers/STM32G4xx_HAL_Driver/Src/stm32g4xx_hal_dma.c **** 
 1462              		.loc 1 737 3 view .LVU551
 1463 0100 0020     		movs	r0, #0
 1464 0102 84F82400 		strb	r0, [r4, #36]
 737:Drivers/STM32G4xx_HAL_Driver/Src/stm32g4xx_hal_dma.c **** 
 1465              		.loc 1 737 3 view .LVU552
 739:Drivers/STM32G4xx_HAL_Driver/Src/stm32g4xx_hal_dma.c **** }
 1466              		.loc 1 739 3 view .LVU553
 739:Drivers/STM32G4xx_HAL_Driver/Src/stm32g4xx_hal_dma.c **** }
 1467              		.loc 1 739 10 is_stmt 0 view .LVU554
 1468 0106 89E7     		b	.L74
 1469              	.L85:
 733:Drivers/STM32G4xx_HAL_Driver/Src/stm32g4xx_hal_dma.c ****   }
 1470              		.loc 1 733 5 is_stmt 1 view .LVU555
 733:Drivers/STM32G4xx_HAL_Driver/Src/stm32g4xx_hal_dma.c ****   }
 1471              		.loc 1 733 66 is_stmt 0 view .LVU556
 1472 0108 636C     		ldr	r3, [r4, #68]
 733:Drivers/STM32G4xx_HAL_Driver/Src/stm32g4xx_hal_dma.c ****   }
 1473              		.loc 1 733 81 view .LVU557
 1474 010a 03F01F02 		and	r2, r3, #31
 733:Drivers/STM32G4xx_HAL_Driver/Src/stm32g4xx_hal_dma.c ****   }
 1475              		.loc 1 733 9 view .LVU558
 1476 010e 216C     		ldr	r1, [r4, #64]
 733:Drivers/STM32G4xx_HAL_Driver/Src/stm32g4xx_hal_dma.c ****   }
 1477              		.loc 1 733 58 view .LVU559
 1478 0110 0423     		movs	r3, #4
 1479 0112 9340     		lsls	r3, r3, r2
 733:Drivers/STM32G4xx_HAL_Driver/Src/stm32g4xx_hal_dma.c ****   }
 1480              		.loc 1 733 32 view .LVU560
 1481 0114 4B60     		str	r3, [r1, #4]
 1482 0116 F3E7     		b	.L86
 1483              		.cfi_endproc
 1484              	.LFE335:
 1486              		.section	.text.HAL_DMA_IRQHandler,"ax",%progbits
 1487              		.align	1
 1488              		.global	HAL_DMA_IRQHandler
 1489              		.syntax unified
 1490              		.thumb
 1491              		.thumb_func
 1493              	HAL_DMA_IRQHandler:
 1494              	.LVL80:
 1495              	.LFB336:
 749:Drivers/STM32G4xx_HAL_Driver/Src/stm32g4xx_hal_dma.c ****   uint32_t flag_it = hdma->DmaBaseAddress->ISR;
 1496              		.loc 1 749 1 is_stmt 1 view -0
 1497              		.cfi_startproc
 1498              		@ args = 0, pretend = 0, frame = 0
 1499              		@ frame_needed = 0, uses_anonymous_args = 0
 749:Drivers/STM32G4xx_HAL_Driver/Src/stm32g4xx_hal_dma.c ****   uint32_t flag_it = hdma->DmaBaseAddress->ISR;
 1500              		.loc 1 749 1 is_stmt 0 view .LVU562
 1501 0000 38B5     		push	{r3, r4, r5, lr}
 1502              	.LCFI11:
 1503              		.cfi_def_cfa_offset 16
ARM GAS  /tmp/ccE3qxy9.s 			page 55


 1504              		.cfi_offset 3, -16
 1505              		.cfi_offset 4, -12
 1506              		.cfi_offset 5, -8
 1507              		.cfi_offset 14, -4
 750:Drivers/STM32G4xx_HAL_Driver/Src/stm32g4xx_hal_dma.c ****   uint32_t source_it = hdma->Instance->CCR;
 1508              		.loc 1 750 3 is_stmt 1 view .LVU563
 750:Drivers/STM32G4xx_HAL_Driver/Src/stm32g4xx_hal_dma.c ****   uint32_t source_it = hdma->Instance->CCR;
 1509              		.loc 1 750 26 is_stmt 0 view .LVU564
 1510 0002 036C     		ldr	r3, [r0, #64]
 750:Drivers/STM32G4xx_HAL_Driver/Src/stm32g4xx_hal_dma.c ****   uint32_t source_it = hdma->Instance->CCR;
 1511              		.loc 1 750 12 view .LVU565
 1512 0004 1968     		ldr	r1, [r3]
 1513              	.LVL81:
 751:Drivers/STM32G4xx_HAL_Driver/Src/stm32g4xx_hal_dma.c **** 
 1514              		.loc 1 751 3 is_stmt 1 view .LVU566
 751:Drivers/STM32G4xx_HAL_Driver/Src/stm32g4xx_hal_dma.c **** 
 1515              		.loc 1 751 28 is_stmt 0 view .LVU567
 1516 0006 0468     		ldr	r4, [r0]
 751:Drivers/STM32G4xx_HAL_Driver/Src/stm32g4xx_hal_dma.c **** 
 1517              		.loc 1 751 12 view .LVU568
 1518 0008 2568     		ldr	r5, [r4]
 1519              	.LVL82:
 754:Drivers/STM32G4xx_HAL_Driver/Src/stm32g4xx_hal_dma.c ****   {
 1520              		.loc 1 754 3 is_stmt 1 view .LVU569
 754:Drivers/STM32G4xx_HAL_Driver/Src/stm32g4xx_hal_dma.c ****   {
 1521              		.loc 1 754 57 is_stmt 0 view .LVU570
 1522 000a 436C     		ldr	r3, [r0, #68]
 754:Drivers/STM32G4xx_HAL_Driver/Src/stm32g4xx_hal_dma.c ****   {
 1523              		.loc 1 754 72 view .LVU571
 1524 000c 03F01F03 		and	r3, r3, #31
 754:Drivers/STM32G4xx_HAL_Driver/Src/stm32g4xx_hal_dma.c ****   {
 1525              		.loc 1 754 49 view .LVU572
 1526 0010 0422     		movs	r2, #4
 1527 0012 9A40     		lsls	r2, r2, r3
 754:Drivers/STM32G4xx_HAL_Driver/Src/stm32g4xx_hal_dma.c ****   {
 1528              		.loc 1 754 6 view .LVU573
 1529 0014 0A42     		tst	r2, r1
 1530 0016 15D0     		beq	.L92
 754:Drivers/STM32G4xx_HAL_Driver/Src/stm32g4xx_hal_dma.c ****   {
 1531              		.loc 1 754 84 discriminator 1 view .LVU574
 1532 0018 15F0040F 		tst	r5, #4
 1533 001c 12D0     		beq	.L92
 757:Drivers/STM32G4xx_HAL_Driver/Src/stm32g4xx_hal_dma.c ****     {
 1534              		.loc 1 757 5 is_stmt 1 view .LVU575
 757:Drivers/STM32G4xx_HAL_Driver/Src/stm32g4xx_hal_dma.c ****     {
 1535              		.loc 1 757 24 is_stmt 0 view .LVU576
 1536 001e 2368     		ldr	r3, [r4]
 757:Drivers/STM32G4xx_HAL_Driver/Src/stm32g4xx_hal_dma.c ****     {
 1537              		.loc 1 757 8 view .LVU577
 1538 0020 13F0200F 		tst	r3, #32
 1539 0024 03D1     		bne	.L93
 760:Drivers/STM32G4xx_HAL_Driver/Src/stm32g4xx_hal_dma.c ****     }
 1540              		.loc 1 760 7 is_stmt 1 view .LVU578
 1541 0026 2368     		ldr	r3, [r4]
 1542 0028 23F00403 		bic	r3, r3, #4
 1543 002c 2360     		str	r3, [r4]
 1544              	.L93:
ARM GAS  /tmp/ccE3qxy9.s 			page 56


 763:Drivers/STM32G4xx_HAL_Driver/Src/stm32g4xx_hal_dma.c **** 
 1545              		.loc 1 763 5 view .LVU579
 763:Drivers/STM32G4xx_HAL_Driver/Src/stm32g4xx_hal_dma.c **** 
 1546              		.loc 1 763 67 is_stmt 0 view .LVU580
 1547 002e 436C     		ldr	r3, [r0, #68]
 763:Drivers/STM32G4xx_HAL_Driver/Src/stm32g4xx_hal_dma.c **** 
 1548              		.loc 1 763 82 view .LVU581
 1549 0030 03F01F02 		and	r2, r3, #31
 763:Drivers/STM32G4xx_HAL_Driver/Src/stm32g4xx_hal_dma.c **** 
 1550              		.loc 1 763 9 view .LVU582
 1551 0034 016C     		ldr	r1, [r0, #64]
 1552              	.LVL83:
 763:Drivers/STM32G4xx_HAL_Driver/Src/stm32g4xx_hal_dma.c **** 
 1553              		.loc 1 763 59 view .LVU583
 1554 0036 0423     		movs	r3, #4
 1555 0038 9340     		lsls	r3, r3, r2
 763:Drivers/STM32G4xx_HAL_Driver/Src/stm32g4xx_hal_dma.c **** 
 1556              		.loc 1 763 32 view .LVU584
 1557 003a 4B60     		str	r3, [r1, #4]
 768:Drivers/STM32G4xx_HAL_Driver/Src/stm32g4xx_hal_dma.c ****     {
 1558              		.loc 1 768 5 is_stmt 1 view .LVU585
 768:Drivers/STM32G4xx_HAL_Driver/Src/stm32g4xx_hal_dma.c ****     {
 1559              		.loc 1 768 13 is_stmt 0 view .LVU586
 1560 003c 036B     		ldr	r3, [r0, #48]
 768:Drivers/STM32G4xx_HAL_Driver/Src/stm32g4xx_hal_dma.c ****     {
 1561              		.loc 1 768 8 view .LVU587
 1562 003e 03B1     		cbz	r3, .L91
 771:Drivers/STM32G4xx_HAL_Driver/Src/stm32g4xx_hal_dma.c ****     }
 1563              		.loc 1 771 7 is_stmt 1 view .LVU588
 1564 0040 9847     		blx	r3
 1565              	.LVL84:
 1566              	.L91:
 830:Drivers/STM32G4xx_HAL_Driver/Src/stm32g4xx_hal_dma.c **** 
 1567              		.loc 1 830 1 is_stmt 0 view .LVU589
 1568 0042 38BD     		pop	{r3, r4, r5, pc}
 1569              	.LVL85:
 1570              	.L92:
 775:Drivers/STM32G4xx_HAL_Driver/Src/stm32g4xx_hal_dma.c ****            && (0U != (source_it & DMA_IT_TC)))
 1571              		.loc 1 775 8 is_stmt 1 view .LVU590
 775:Drivers/STM32G4xx_HAL_Driver/Src/stm32g4xx_hal_dma.c ****            && (0U != (source_it & DMA_IT_TC)))
 1572              		.loc 1 775 54 is_stmt 0 view .LVU591
 1573 0044 0222     		movs	r2, #2
 1574 0046 9A40     		lsls	r2, r2, r3
 775:Drivers/STM32G4xx_HAL_Driver/Src/stm32g4xx_hal_dma.c ****            && (0U != (source_it & DMA_IT_TC)))
 1575              		.loc 1 775 11 view .LVU592
 1576 0048 0A42     		tst	r2, r1
 1577 004a 1CD0     		beq	.L95
 776:Drivers/STM32G4xx_HAL_Driver/Src/stm32g4xx_hal_dma.c ****   {
 1578              		.loc 1 776 12 view .LVU593
 1579 004c 15F0020F 		tst	r5, #2
 1580 0050 19D0     		beq	.L95
 778:Drivers/STM32G4xx_HAL_Driver/Src/stm32g4xx_hal_dma.c ****     {
 1581              		.loc 1 778 5 is_stmt 1 view .LVU594
 778:Drivers/STM32G4xx_HAL_Driver/Src/stm32g4xx_hal_dma.c ****     {
 1582              		.loc 1 778 24 is_stmt 0 view .LVU595
 1583 0052 2368     		ldr	r3, [r4]
 778:Drivers/STM32G4xx_HAL_Driver/Src/stm32g4xx_hal_dma.c ****     {
ARM GAS  /tmp/ccE3qxy9.s 			page 57


 1584              		.loc 1 778 8 view .LVU596
 1585 0054 13F0200F 		tst	r3, #32
 1586 0058 06D1     		bne	.L96
 781:Drivers/STM32G4xx_HAL_Driver/Src/stm32g4xx_hal_dma.c **** 
 1587              		.loc 1 781 7 is_stmt 1 view .LVU597
 1588 005a 2368     		ldr	r3, [r4]
 1589 005c 23F00A03 		bic	r3, r3, #10
 1590 0060 2360     		str	r3, [r4]
 784:Drivers/STM32G4xx_HAL_Driver/Src/stm32g4xx_hal_dma.c ****     }
 1591              		.loc 1 784 7 view .LVU598
 784:Drivers/STM32G4xx_HAL_Driver/Src/stm32g4xx_hal_dma.c ****     }
 1592              		.loc 1 784 19 is_stmt 0 view .LVU599
 1593 0062 0123     		movs	r3, #1
 1594 0064 80F82530 		strb	r3, [r0, #37]
 1595              	.L96:
 787:Drivers/STM32G4xx_HAL_Driver/Src/stm32g4xx_hal_dma.c **** 
 1596              		.loc 1 787 5 is_stmt 1 view .LVU600
 787:Drivers/STM32G4xx_HAL_Driver/Src/stm32g4xx_hal_dma.c **** 
 1597              		.loc 1 787 67 is_stmt 0 view .LVU601
 1598 0068 436C     		ldr	r3, [r0, #68]
 787:Drivers/STM32G4xx_HAL_Driver/Src/stm32g4xx_hal_dma.c **** 
 1599              		.loc 1 787 82 view .LVU602
 1600 006a 03F01F02 		and	r2, r3, #31
 787:Drivers/STM32G4xx_HAL_Driver/Src/stm32g4xx_hal_dma.c **** 
 1601              		.loc 1 787 9 view .LVU603
 1602 006e 016C     		ldr	r1, [r0, #64]
 1603              	.LVL86:
 787:Drivers/STM32G4xx_HAL_Driver/Src/stm32g4xx_hal_dma.c **** 
 1604              		.loc 1 787 59 view .LVU604
 1605 0070 0223     		movs	r3, #2
 1606 0072 9340     		lsls	r3, r3, r2
 787:Drivers/STM32G4xx_HAL_Driver/Src/stm32g4xx_hal_dma.c **** 
 1607              		.loc 1 787 32 view .LVU605
 1608 0074 4B60     		str	r3, [r1, #4]
 790:Drivers/STM32G4xx_HAL_Driver/Src/stm32g4xx_hal_dma.c **** 
 1609              		.loc 1 790 5 is_stmt 1 view .LVU606
 790:Drivers/STM32G4xx_HAL_Driver/Src/stm32g4xx_hal_dma.c **** 
 1610              		.loc 1 790 5 view .LVU607
 1611 0076 0023     		movs	r3, #0
 1612 0078 80F82430 		strb	r3, [r0, #36]
 790:Drivers/STM32G4xx_HAL_Driver/Src/stm32g4xx_hal_dma.c **** 
 1613              		.loc 1 790 5 view .LVU608
 792:Drivers/STM32G4xx_HAL_Driver/Src/stm32g4xx_hal_dma.c ****     {
 1614              		.loc 1 792 5 view .LVU609
 792:Drivers/STM32G4xx_HAL_Driver/Src/stm32g4xx_hal_dma.c ****     {
 1615              		.loc 1 792 13 is_stmt 0 view .LVU610
 1616 007c C36A     		ldr	r3, [r0, #44]
 792:Drivers/STM32G4xx_HAL_Driver/Src/stm32g4xx_hal_dma.c ****     {
 1617              		.loc 1 792 8 view .LVU611
 1618 007e 002B     		cmp	r3, #0
 1619 0080 DFD0     		beq	.L91
 795:Drivers/STM32G4xx_HAL_Driver/Src/stm32g4xx_hal_dma.c ****     }
 1620              		.loc 1 795 7 is_stmt 1 view .LVU612
 1621 0082 9847     		blx	r3
 1622              	.LVL87:
 795:Drivers/STM32G4xx_HAL_Driver/Src/stm32g4xx_hal_dma.c ****     }
 1623              		.loc 1 795 7 is_stmt 0 view .LVU613
ARM GAS  /tmp/ccE3qxy9.s 			page 58


 1624 0084 DDE7     		b	.L91
 1625              	.LVL88:
 1626              	.L95:
 799:Drivers/STM32G4xx_HAL_Driver/Src/stm32g4xx_hal_dma.c ****            && (0U != (source_it & DMA_IT_TE)))
 1627              		.loc 1 799 8 is_stmt 1 view .LVU614
 799:Drivers/STM32G4xx_HAL_Driver/Src/stm32g4xx_hal_dma.c ****            && (0U != (source_it & DMA_IT_TE)))
 1628              		.loc 1 799 54 is_stmt 0 view .LVU615
 1629 0086 0822     		movs	r2, #8
 1630 0088 02FA03F3 		lsl	r3, r2, r3
 799:Drivers/STM32G4xx_HAL_Driver/Src/stm32g4xx_hal_dma.c ****            && (0U != (source_it & DMA_IT_TE)))
 1631              		.loc 1 799 11 view .LVU616
 1632 008c 0B42     		tst	r3, r1
 1633 008e D8D0     		beq	.L91
 800:Drivers/STM32G4xx_HAL_Driver/Src/stm32g4xx_hal_dma.c ****   {
 1634              		.loc 1 800 12 view .LVU617
 1635 0090 15F0080F 		tst	r5, #8
 1636 0094 D5D0     		beq	.L91
 805:Drivers/STM32G4xx_HAL_Driver/Src/stm32g4xx_hal_dma.c **** 
 1637              		.loc 1 805 5 is_stmt 1 view .LVU618
 1638 0096 2368     		ldr	r3, [r4]
 1639 0098 23F00E03 		bic	r3, r3, #14
 1640 009c 2360     		str	r3, [r4]
 808:Drivers/STM32G4xx_HAL_Driver/Src/stm32g4xx_hal_dma.c **** 
 1641              		.loc 1 808 5 view .LVU619
 808:Drivers/STM32G4xx_HAL_Driver/Src/stm32g4xx_hal_dma.c **** 
 1642              		.loc 1 808 66 is_stmt 0 view .LVU620
 1643 009e 436C     		ldr	r3, [r0, #68]
 808:Drivers/STM32G4xx_HAL_Driver/Src/stm32g4xx_hal_dma.c **** 
 1644              		.loc 1 808 81 view .LVU621
 1645 00a0 03F01F03 		and	r3, r3, #31
 808:Drivers/STM32G4xx_HAL_Driver/Src/stm32g4xx_hal_dma.c **** 
 1646              		.loc 1 808 9 view .LVU622
 1647 00a4 016C     		ldr	r1, [r0, #64]
 1648              	.LVL89:
 808:Drivers/STM32G4xx_HAL_Driver/Src/stm32g4xx_hal_dma.c **** 
 1649              		.loc 1 808 58 view .LVU623
 1650 00a6 0122     		movs	r2, #1
 1651 00a8 02FA03F3 		lsl	r3, r2, r3
 808:Drivers/STM32G4xx_HAL_Driver/Src/stm32g4xx_hal_dma.c **** 
 1652              		.loc 1 808 32 view .LVU624
 1653 00ac 4B60     		str	r3, [r1, #4]
 811:Drivers/STM32G4xx_HAL_Driver/Src/stm32g4xx_hal_dma.c **** 
 1654              		.loc 1 811 5 is_stmt 1 view .LVU625
 811:Drivers/STM32G4xx_HAL_Driver/Src/stm32g4xx_hal_dma.c **** 
 1655              		.loc 1 811 21 is_stmt 0 view .LVU626
 1656 00ae C263     		str	r2, [r0, #60]
 814:Drivers/STM32G4xx_HAL_Driver/Src/stm32g4xx_hal_dma.c **** 
 1657              		.loc 1 814 5 is_stmt 1 view .LVU627
 814:Drivers/STM32G4xx_HAL_Driver/Src/stm32g4xx_hal_dma.c **** 
 1658              		.loc 1 814 17 is_stmt 0 view .LVU628
 1659 00b0 80F82520 		strb	r2, [r0, #37]
 817:Drivers/STM32G4xx_HAL_Driver/Src/stm32g4xx_hal_dma.c **** 
 1660              		.loc 1 817 5 is_stmt 1 view .LVU629
 817:Drivers/STM32G4xx_HAL_Driver/Src/stm32g4xx_hal_dma.c **** 
 1661              		.loc 1 817 5 view .LVU630
 1662 00b4 0023     		movs	r3, #0
 1663 00b6 80F82430 		strb	r3, [r0, #36]
ARM GAS  /tmp/ccE3qxy9.s 			page 59


 817:Drivers/STM32G4xx_HAL_Driver/Src/stm32g4xx_hal_dma.c **** 
 1664              		.loc 1 817 5 view .LVU631
 819:Drivers/STM32G4xx_HAL_Driver/Src/stm32g4xx_hal_dma.c ****     {
 1665              		.loc 1 819 5 view .LVU632
 819:Drivers/STM32G4xx_HAL_Driver/Src/stm32g4xx_hal_dma.c ****     {
 1666              		.loc 1 819 13 is_stmt 0 view .LVU633
 1667 00ba 436B     		ldr	r3, [r0, #52]
 819:Drivers/STM32G4xx_HAL_Driver/Src/stm32g4xx_hal_dma.c ****     {
 1668              		.loc 1 819 8 view .LVU634
 1669 00bc 002B     		cmp	r3, #0
 1670 00be C0D0     		beq	.L91
 822:Drivers/STM32G4xx_HAL_Driver/Src/stm32g4xx_hal_dma.c ****     }
 1671              		.loc 1 822 7 is_stmt 1 view .LVU635
 1672 00c0 9847     		blx	r3
 1673              	.LVL90:
 828:Drivers/STM32G4xx_HAL_Driver/Src/stm32g4xx_hal_dma.c ****   return;
 1674              		.loc 1 828 3 view .LVU636
 829:Drivers/STM32G4xx_HAL_Driver/Src/stm32g4xx_hal_dma.c **** }
 1675              		.loc 1 829 3 view .LVU637
 1676 00c2 BEE7     		b	.L91
 1677              		.cfi_endproc
 1678              	.LFE336:
 1680              		.section	.text.HAL_DMA_RegisterCallback,"ax",%progbits
 1681              		.align	1
 1682              		.global	HAL_DMA_RegisterCallback
 1683              		.syntax unified
 1684              		.thumb
 1685              		.thumb_func
 1687              	HAL_DMA_RegisterCallback:
 1688              	.LVL91:
 1689              	.LFB337:
 843:Drivers/STM32G4xx_HAL_Driver/Src/stm32g4xx_hal_dma.c ****   HAL_StatusTypeDef status = HAL_OK;
 1690              		.loc 1 843 1 view -0
 1691              		.cfi_startproc
 1692              		@ args = 0, pretend = 0, frame = 0
 1693              		@ frame_needed = 0, uses_anonymous_args = 0
 1694              		@ link register save eliminated.
 843:Drivers/STM32G4xx_HAL_Driver/Src/stm32g4xx_hal_dma.c ****   HAL_StatusTypeDef status = HAL_OK;
 1695              		.loc 1 843 1 is_stmt 0 view .LVU639
 1696 0000 0346     		mov	r3, r0
 844:Drivers/STM32G4xx_HAL_Driver/Src/stm32g4xx_hal_dma.c **** 
 1697              		.loc 1 844 3 is_stmt 1 view .LVU640
 1698              	.LVL92:
 847:Drivers/STM32G4xx_HAL_Driver/Src/stm32g4xx_hal_dma.c **** 
 1699              		.loc 1 847 3 view .LVU641
 847:Drivers/STM32G4xx_HAL_Driver/Src/stm32g4xx_hal_dma.c **** 
 1700              		.loc 1 847 3 view .LVU642
 1701 0002 90F82400 		ldrb	r0, [r0, #36]	@ zero_extendqisi2
 1702              	.LVL93:
 847:Drivers/STM32G4xx_HAL_Driver/Src/stm32g4xx_hal_dma.c **** 
 1703              		.loc 1 847 3 is_stmt 0 view .LVU643
 1704 0006 0128     		cmp	r0, #1
 1705 0008 1ED0     		beq	.L106
 847:Drivers/STM32G4xx_HAL_Driver/Src/stm32g4xx_hal_dma.c **** 
 1706              		.loc 1 847 3 is_stmt 1 discriminator 2 view .LVU644
 1707 000a 0120     		movs	r0, #1
 1708 000c 83F82400 		strb	r0, [r3, #36]
ARM GAS  /tmp/ccE3qxy9.s 			page 60


 847:Drivers/STM32G4xx_HAL_Driver/Src/stm32g4xx_hal_dma.c **** 
 1709              		.loc 1 847 3 discriminator 2 view .LVU645
 849:Drivers/STM32G4xx_HAL_Driver/Src/stm32g4xx_hal_dma.c ****   {
 1710              		.loc 1 849 3 view .LVU646
 849:Drivers/STM32G4xx_HAL_Driver/Src/stm32g4xx_hal_dma.c ****   {
 1711              		.loc 1 849 34 is_stmt 0 view .LVU647
 1712 0010 93F82500 		ldrb	r0, [r3, #37]	@ zero_extendqisi2
 1713 0014 C0B2     		uxtb	r0, r0
 849:Drivers/STM32G4xx_HAL_Driver/Src/stm32g4xx_hal_dma.c ****   {
 1714              		.loc 1 849 6 view .LVU648
 1715 0016 0128     		cmp	r0, #1
 1716 0018 04D0     		beq	.L109
 876:Drivers/STM32G4xx_HAL_Driver/Src/stm32g4xx_hal_dma.c ****   }
 1717              		.loc 1 876 12 view .LVU649
 1718 001a 0120     		movs	r0, #1
 1719              	.L100:
 1720              	.LVL94:
 880:Drivers/STM32G4xx_HAL_Driver/Src/stm32g4xx_hal_dma.c **** 
 1721              		.loc 1 880 3 is_stmt 1 view .LVU650
 880:Drivers/STM32G4xx_HAL_Driver/Src/stm32g4xx_hal_dma.c **** 
 1722              		.loc 1 880 3 view .LVU651
 1723 001c 0022     		movs	r2, #0
 1724              	.LVL95:
 880:Drivers/STM32G4xx_HAL_Driver/Src/stm32g4xx_hal_dma.c **** 
 1725              		.loc 1 880 3 is_stmt 0 view .LVU652
 1726 001e 83F82420 		strb	r2, [r3, #36]
 880:Drivers/STM32G4xx_HAL_Driver/Src/stm32g4xx_hal_dma.c **** 
 1727              		.loc 1 880 3 is_stmt 1 view .LVU653
 882:Drivers/STM32G4xx_HAL_Driver/Src/stm32g4xx_hal_dma.c **** }
 1728              		.loc 1 882 3 view .LVU654
 882:Drivers/STM32G4xx_HAL_Driver/Src/stm32g4xx_hal_dma.c **** }
 1729              		.loc 1 882 10 is_stmt 0 view .LVU655
 1730 0022 7047     		bx	lr
 1731              	.LVL96:
 1732              	.L109:
 851:Drivers/STM32G4xx_HAL_Driver/Src/stm32g4xx_hal_dma.c ****     {
 1733              		.loc 1 851 5 is_stmt 1 view .LVU656
 1734 0024 0329     		cmp	r1, #3
 1735 0026 F9D8     		bhi	.L100
 1736 0028 DFE801F0 		tbb	[pc, r1]
 1737              	.L102:
 1738 002c 02       		.byte	(.L105-.L102)/2
 1739 002d 05       		.byte	(.L104-.L102)/2
 1740 002e 08       		.byte	(.L103-.L102)/2
 1741 002f 0B       		.byte	(.L101-.L102)/2
 1742              		.p2align 1
 1743              	.L105:
 854:Drivers/STM32G4xx_HAL_Driver/Src/stm32g4xx_hal_dma.c ****         break;
 1744              		.loc 1 854 9 view .LVU657
 854:Drivers/STM32G4xx_HAL_Driver/Src/stm32g4xx_hal_dma.c ****         break;
 1745              		.loc 1 854 32 is_stmt 0 view .LVU658
 1746 0030 DA62     		str	r2, [r3, #44]
 855:Drivers/STM32G4xx_HAL_Driver/Src/stm32g4xx_hal_dma.c **** 
 1747              		.loc 1 855 9 is_stmt 1 view .LVU659
 844:Drivers/STM32G4xx_HAL_Driver/Src/stm32g4xx_hal_dma.c **** 
 1748              		.loc 1 844 21 is_stmt 0 view .LVU660
 1749 0032 0846     		mov	r0, r1
ARM GAS  /tmp/ccE3qxy9.s 			page 61


 855:Drivers/STM32G4xx_HAL_Driver/Src/stm32g4xx_hal_dma.c **** 
 1750              		.loc 1 855 9 view .LVU661
 1751 0034 F2E7     		b	.L100
 1752              	.L104:
 858:Drivers/STM32G4xx_HAL_Driver/Src/stm32g4xx_hal_dma.c ****         break;
 1753              		.loc 1 858 9 is_stmt 1 view .LVU662
 858:Drivers/STM32G4xx_HAL_Driver/Src/stm32g4xx_hal_dma.c ****         break;
 1754              		.loc 1 858 36 is_stmt 0 view .LVU663
 1755 0036 1A63     		str	r2, [r3, #48]
 859:Drivers/STM32G4xx_HAL_Driver/Src/stm32g4xx_hal_dma.c **** 
 1756              		.loc 1 859 9 is_stmt 1 view .LVU664
 844:Drivers/STM32G4xx_HAL_Driver/Src/stm32g4xx_hal_dma.c **** 
 1757              		.loc 1 844 21 is_stmt 0 view .LVU665
 1758 0038 0020     		movs	r0, #0
 859:Drivers/STM32G4xx_HAL_Driver/Src/stm32g4xx_hal_dma.c **** 
 1759              		.loc 1 859 9 view .LVU666
 1760 003a EFE7     		b	.L100
 1761              	.L103:
 862:Drivers/STM32G4xx_HAL_Driver/Src/stm32g4xx_hal_dma.c ****         break;
 1762              		.loc 1 862 9 is_stmt 1 view .LVU667
 862:Drivers/STM32G4xx_HAL_Driver/Src/stm32g4xx_hal_dma.c ****         break;
 1763              		.loc 1 862 33 is_stmt 0 view .LVU668
 1764 003c 5A63     		str	r2, [r3, #52]
 863:Drivers/STM32G4xx_HAL_Driver/Src/stm32g4xx_hal_dma.c **** 
 1765              		.loc 1 863 9 is_stmt 1 view .LVU669
 844:Drivers/STM32G4xx_HAL_Driver/Src/stm32g4xx_hal_dma.c **** 
 1766              		.loc 1 844 21 is_stmt 0 view .LVU670
 1767 003e 0020     		movs	r0, #0
 863:Drivers/STM32G4xx_HAL_Driver/Src/stm32g4xx_hal_dma.c **** 
 1768              		.loc 1 863 9 view .LVU671
 1769 0040 ECE7     		b	.L100
 1770              	.L101:
 866:Drivers/STM32G4xx_HAL_Driver/Src/stm32g4xx_hal_dma.c ****         break;
 1771              		.loc 1 866 9 is_stmt 1 view .LVU672
 866:Drivers/STM32G4xx_HAL_Driver/Src/stm32g4xx_hal_dma.c ****         break;
 1772              		.loc 1 866 33 is_stmt 0 view .LVU673
 1773 0042 9A63     		str	r2, [r3, #56]
 867:Drivers/STM32G4xx_HAL_Driver/Src/stm32g4xx_hal_dma.c **** 
 1774              		.loc 1 867 9 is_stmt 1 view .LVU674
 844:Drivers/STM32G4xx_HAL_Driver/Src/stm32g4xx_hal_dma.c **** 
 1775              		.loc 1 844 21 is_stmt 0 view .LVU675
 1776 0044 0020     		movs	r0, #0
 867:Drivers/STM32G4xx_HAL_Driver/Src/stm32g4xx_hal_dma.c **** 
 1777              		.loc 1 867 9 view .LVU676
 1778 0046 E9E7     		b	.L100
 1779              	.L106:
 847:Drivers/STM32G4xx_HAL_Driver/Src/stm32g4xx_hal_dma.c **** 
 1780              		.loc 1 847 3 discriminator 1 view .LVU677
 1781 0048 0220     		movs	r0, #2
 883:Drivers/STM32G4xx_HAL_Driver/Src/stm32g4xx_hal_dma.c **** 
 1782              		.loc 1 883 1 view .LVU678
 1783 004a 7047     		bx	lr
 1784              		.cfi_endproc
 1785              	.LFE337:
 1787              		.section	.text.HAL_DMA_UnRegisterCallback,"ax",%progbits
 1788              		.align	1
 1789              		.global	HAL_DMA_UnRegisterCallback
ARM GAS  /tmp/ccE3qxy9.s 			page 62


 1790              		.syntax unified
 1791              		.thumb
 1792              		.thumb_func
 1794              	HAL_DMA_UnRegisterCallback:
 1795              	.LVL97:
 1796              	.LFB338:
 894:Drivers/STM32G4xx_HAL_Driver/Src/stm32g4xx_hal_dma.c ****   HAL_StatusTypeDef status = HAL_OK;
 1797              		.loc 1 894 1 is_stmt 1 view -0
 1798              		.cfi_startproc
 1799              		@ args = 0, pretend = 0, frame = 0
 1800              		@ frame_needed = 0, uses_anonymous_args = 0
 1801              		@ link register save eliminated.
 894:Drivers/STM32G4xx_HAL_Driver/Src/stm32g4xx_hal_dma.c ****   HAL_StatusTypeDef status = HAL_OK;
 1802              		.loc 1 894 1 is_stmt 0 view .LVU680
 1803 0000 0346     		mov	r3, r0
 895:Drivers/STM32G4xx_HAL_Driver/Src/stm32g4xx_hal_dma.c **** 
 1804              		.loc 1 895 3 is_stmt 1 view .LVU681
 1805              	.LVL98:
 898:Drivers/STM32G4xx_HAL_Driver/Src/stm32g4xx_hal_dma.c **** 
 1806              		.loc 1 898 3 view .LVU682
 898:Drivers/STM32G4xx_HAL_Driver/Src/stm32g4xx_hal_dma.c **** 
 1807              		.loc 1 898 3 view .LVU683
 1808 0002 90F82420 		ldrb	r2, [r0, #36]	@ zero_extendqisi2
 1809 0006 012A     		cmp	r2, #1
 1810 0008 26D0     		beq	.L119
 898:Drivers/STM32G4xx_HAL_Driver/Src/stm32g4xx_hal_dma.c **** 
 1811              		.loc 1 898 3 discriminator 2 view .LVU684
 1812 000a 0122     		movs	r2, #1
 1813 000c 80F82420 		strb	r2, [r0, #36]
 898:Drivers/STM32G4xx_HAL_Driver/Src/stm32g4xx_hal_dma.c **** 
 1814              		.loc 1 898 3 discriminator 2 view .LVU685
 900:Drivers/STM32G4xx_HAL_Driver/Src/stm32g4xx_hal_dma.c ****   {
 1815              		.loc 1 900 3 view .LVU686
 900:Drivers/STM32G4xx_HAL_Driver/Src/stm32g4xx_hal_dma.c ****   {
 1816              		.loc 1 900 34 is_stmt 0 view .LVU687
 1817 0010 90F82500 		ldrb	r0, [r0, #37]	@ zero_extendqisi2
 1818              	.LVL99:
 900:Drivers/STM32G4xx_HAL_Driver/Src/stm32g4xx_hal_dma.c ****   {
 1819              		.loc 1 900 34 view .LVU688
 1820 0014 C0B2     		uxtb	r0, r0
 900:Drivers/STM32G4xx_HAL_Driver/Src/stm32g4xx_hal_dma.c ****   {
 1821              		.loc 1 900 6 view .LVU689
 1822 0016 9042     		cmp	r0, r2
 1823 0018 04D0     		beq	.L122
 934:Drivers/STM32G4xx_HAL_Driver/Src/stm32g4xx_hal_dma.c ****   }
 1824              		.loc 1 934 12 view .LVU690
 1825 001a 0120     		movs	r0, #1
 1826              	.L112:
 1827              	.LVL100:
 938:Drivers/STM32G4xx_HAL_Driver/Src/stm32g4xx_hal_dma.c **** 
 1828              		.loc 1 938 3 is_stmt 1 view .LVU691
 938:Drivers/STM32G4xx_HAL_Driver/Src/stm32g4xx_hal_dma.c **** 
 1829              		.loc 1 938 3 view .LVU692
 1830 001c 0022     		movs	r2, #0
 1831 001e 83F82420 		strb	r2, [r3, #36]
 938:Drivers/STM32G4xx_HAL_Driver/Src/stm32g4xx_hal_dma.c **** 
 1832              		.loc 1 938 3 view .LVU693
ARM GAS  /tmp/ccE3qxy9.s 			page 63


 940:Drivers/STM32G4xx_HAL_Driver/Src/stm32g4xx_hal_dma.c **** }
 1833              		.loc 1 940 3 view .LVU694
 940:Drivers/STM32G4xx_HAL_Driver/Src/stm32g4xx_hal_dma.c **** }
 1834              		.loc 1 940 10 is_stmt 0 view .LVU695
 1835 0022 7047     		bx	lr
 1836              	.LVL101:
 1837              	.L122:
 902:Drivers/STM32G4xx_HAL_Driver/Src/stm32g4xx_hal_dma.c ****     {
 1838              		.loc 1 902 5 is_stmt 1 view .LVU696
 1839 0024 0429     		cmp	r1, #4
 1840 0026 F9D8     		bhi	.L112
 1841 0028 DFE801F0 		tbb	[pc, r1]
 1842              	.L114:
 1843 002c 03       		.byte	(.L118-.L114)/2
 1844 002d 07       		.byte	(.L117-.L114)/2
 1845 002e 0A       		.byte	(.L116-.L114)/2
 1846 002f 0D       		.byte	(.L115-.L114)/2
 1847 0030 10       		.byte	(.L113-.L114)/2
 1848 0031 00       		.p2align 1
 1849              	.L118:
 905:Drivers/STM32G4xx_HAL_Driver/Src/stm32g4xx_hal_dma.c ****         break;
 1850              		.loc 1 905 9 view .LVU697
 905:Drivers/STM32G4xx_HAL_Driver/Src/stm32g4xx_hal_dma.c ****         break;
 1851              		.loc 1 905 32 is_stmt 0 view .LVU698
 1852 0032 0022     		movs	r2, #0
 1853 0034 DA62     		str	r2, [r3, #44]
 906:Drivers/STM32G4xx_HAL_Driver/Src/stm32g4xx_hal_dma.c **** 
 1854              		.loc 1 906 9 is_stmt 1 view .LVU699
 895:Drivers/STM32G4xx_HAL_Driver/Src/stm32g4xx_hal_dma.c **** 
 1855              		.loc 1 895 21 is_stmt 0 view .LVU700
 1856 0036 0846     		mov	r0, r1
 906:Drivers/STM32G4xx_HAL_Driver/Src/stm32g4xx_hal_dma.c **** 
 1857              		.loc 1 906 9 view .LVU701
 1858 0038 F0E7     		b	.L112
 1859              	.L117:
 909:Drivers/STM32G4xx_HAL_Driver/Src/stm32g4xx_hal_dma.c ****         break;
 1860              		.loc 1 909 9 is_stmt 1 view .LVU702
 909:Drivers/STM32G4xx_HAL_Driver/Src/stm32g4xx_hal_dma.c ****         break;
 1861              		.loc 1 909 36 is_stmt 0 view .LVU703
 1862 003a 0020     		movs	r0, #0
 1863 003c 1863     		str	r0, [r3, #48]
 910:Drivers/STM32G4xx_HAL_Driver/Src/stm32g4xx_hal_dma.c **** 
 1864              		.loc 1 910 9 is_stmt 1 view .LVU704
 1865 003e EDE7     		b	.L112
 1866              	.L116:
 913:Drivers/STM32G4xx_HAL_Driver/Src/stm32g4xx_hal_dma.c ****         break;
 1867              		.loc 1 913 9 view .LVU705
 913:Drivers/STM32G4xx_HAL_Driver/Src/stm32g4xx_hal_dma.c ****         break;
 1868              		.loc 1 913 33 is_stmt 0 view .LVU706
 1869 0040 0020     		movs	r0, #0
 1870 0042 5863     		str	r0, [r3, #52]
 914:Drivers/STM32G4xx_HAL_Driver/Src/stm32g4xx_hal_dma.c **** 
 1871              		.loc 1 914 9 is_stmt 1 view .LVU707
 1872 0044 EAE7     		b	.L112
 1873              	.L115:
 917:Drivers/STM32G4xx_HAL_Driver/Src/stm32g4xx_hal_dma.c ****         break;
 1874              		.loc 1 917 9 view .LVU708
ARM GAS  /tmp/ccE3qxy9.s 			page 64


 917:Drivers/STM32G4xx_HAL_Driver/Src/stm32g4xx_hal_dma.c ****         break;
 1875              		.loc 1 917 33 is_stmt 0 view .LVU709
 1876 0046 0020     		movs	r0, #0
 1877 0048 9863     		str	r0, [r3, #56]
 918:Drivers/STM32G4xx_HAL_Driver/Src/stm32g4xx_hal_dma.c **** 
 1878              		.loc 1 918 9 is_stmt 1 view .LVU710
 1879 004a E7E7     		b	.L112
 1880              	.L113:
 921:Drivers/STM32G4xx_HAL_Driver/Src/stm32g4xx_hal_dma.c ****         hdma->XferHalfCpltCallback = NULL;
 1881              		.loc 1 921 9 view .LVU711
 921:Drivers/STM32G4xx_HAL_Driver/Src/stm32g4xx_hal_dma.c ****         hdma->XferHalfCpltCallback = NULL;
 1882              		.loc 1 921 32 is_stmt 0 view .LVU712
 1883 004c 0020     		movs	r0, #0
 1884 004e D862     		str	r0, [r3, #44]
 922:Drivers/STM32G4xx_HAL_Driver/Src/stm32g4xx_hal_dma.c ****         hdma->XferErrorCallback = NULL;
 1885              		.loc 1 922 9 is_stmt 1 view .LVU713
 922:Drivers/STM32G4xx_HAL_Driver/Src/stm32g4xx_hal_dma.c ****         hdma->XferErrorCallback = NULL;
 1886              		.loc 1 922 36 is_stmt 0 view .LVU714
 1887 0050 1863     		str	r0, [r3, #48]
 923:Drivers/STM32G4xx_HAL_Driver/Src/stm32g4xx_hal_dma.c ****         hdma->XferAbortCallback = NULL;
 1888              		.loc 1 923 9 is_stmt 1 view .LVU715
 923:Drivers/STM32G4xx_HAL_Driver/Src/stm32g4xx_hal_dma.c ****         hdma->XferAbortCallback = NULL;
 1889              		.loc 1 923 33 is_stmt 0 view .LVU716
 1890 0052 5863     		str	r0, [r3, #52]
 924:Drivers/STM32G4xx_HAL_Driver/Src/stm32g4xx_hal_dma.c ****         break;
 1891              		.loc 1 924 9 is_stmt 1 view .LVU717
 924:Drivers/STM32G4xx_HAL_Driver/Src/stm32g4xx_hal_dma.c ****         break;
 1892              		.loc 1 924 33 is_stmt 0 view .LVU718
 1893 0054 9863     		str	r0, [r3, #56]
 925:Drivers/STM32G4xx_HAL_Driver/Src/stm32g4xx_hal_dma.c **** 
 1894              		.loc 1 925 9 is_stmt 1 view .LVU719
 1895 0056 E1E7     		b	.L112
 1896              	.LVL102:
 1897              	.L119:
 898:Drivers/STM32G4xx_HAL_Driver/Src/stm32g4xx_hal_dma.c **** 
 1898              		.loc 1 898 3 is_stmt 0 discriminator 1 view .LVU720
 1899 0058 0220     		movs	r0, #2
 1900              	.LVL103:
 941:Drivers/STM32G4xx_HAL_Driver/Src/stm32g4xx_hal_dma.c **** 
 1901              		.loc 1 941 1 view .LVU721
 1902 005a 7047     		bx	lr
 1903              		.cfi_endproc
 1904              	.LFE338:
 1906              		.section	.text.HAL_DMA_GetState,"ax",%progbits
 1907              		.align	1
 1908              		.global	HAL_DMA_GetState
 1909              		.syntax unified
 1910              		.thumb
 1911              		.thumb_func
 1913              	HAL_DMA_GetState:
 1914              	.LVL104:
 1915              	.LFB339:
 971:Drivers/STM32G4xx_HAL_Driver/Src/stm32g4xx_hal_dma.c ****   /* Return DMA handle state */
 1916              		.loc 1 971 1 is_stmt 1 view -0
 1917              		.cfi_startproc
 1918              		@ args = 0, pretend = 0, frame = 0
 1919              		@ frame_needed = 0, uses_anonymous_args = 0
ARM GAS  /tmp/ccE3qxy9.s 			page 65


 1920              		@ link register save eliminated.
 973:Drivers/STM32G4xx_HAL_Driver/Src/stm32g4xx_hal_dma.c **** }
 1921              		.loc 1 973 3 view .LVU723
 973:Drivers/STM32G4xx_HAL_Driver/Src/stm32g4xx_hal_dma.c **** }
 1922              		.loc 1 973 14 is_stmt 0 view .LVU724
 1923 0000 90F82500 		ldrb	r0, [r0, #37]	@ zero_extendqisi2
 1924              	.LVL105:
 974:Drivers/STM32G4xx_HAL_Driver/Src/stm32g4xx_hal_dma.c **** 
 1925              		.loc 1 974 1 view .LVU725
 1926 0004 7047     		bx	lr
 1927              		.cfi_endproc
 1928              	.LFE339:
 1930              		.section	.text.HAL_DMA_GetError,"ax",%progbits
 1931              		.align	1
 1932              		.global	HAL_DMA_GetError
 1933              		.syntax unified
 1934              		.thumb
 1935              		.thumb_func
 1937              	HAL_DMA_GetError:
 1938              	.LVL106:
 1939              	.LFB340:
 983:Drivers/STM32G4xx_HAL_Driver/Src/stm32g4xx_hal_dma.c ****   return hdma->ErrorCode;
 1940              		.loc 1 983 1 is_stmt 1 view -0
 1941              		.cfi_startproc
 1942              		@ args = 0, pretend = 0, frame = 0
 1943              		@ frame_needed = 0, uses_anonymous_args = 0
 1944              		@ link register save eliminated.
 984:Drivers/STM32G4xx_HAL_Driver/Src/stm32g4xx_hal_dma.c **** }
 1945              		.loc 1 984 3 view .LVU727
 984:Drivers/STM32G4xx_HAL_Driver/Src/stm32g4xx_hal_dma.c **** }
 1946              		.loc 1 984 14 is_stmt 0 view .LVU728
 1947 0000 C06B     		ldr	r0, [r0, #60]
 1948              	.LVL107:
 985:Drivers/STM32G4xx_HAL_Driver/Src/stm32g4xx_hal_dma.c **** 
 1949              		.loc 1 985 1 view .LVU729
 1950 0002 7047     		bx	lr
 1951              		.cfi_endproc
 1952              	.LFE340:
 1954              		.text
 1955              	.Letext0:
 1956              		.file 2 "Drivers/CMSIS/Device/ST/STM32G4xx/Include/stm32g474xx.h"
 1957              		.file 3 "/usr/lib/gcc/arm-none-eabi/13.2.1/include/stdint.h"
 1958              		.file 4 "Drivers/STM32G4xx_HAL_Driver/Inc/stm32g4xx_hal_def.h"
 1959              		.file 5 "Drivers/STM32G4xx_HAL_Driver/Inc/stm32g4xx_hal_dma.h"
 1960              		.file 6 "Drivers/STM32G4xx_HAL_Driver/Inc/stm32g4xx_hal.h"
ARM GAS  /tmp/ccE3qxy9.s 			page 66


DEFINED SYMBOLS
                            *ABS*:00000000 stm32g4xx_hal_dma.c
     /tmp/ccE3qxy9.s:21     .text.DMA_SetConfig:00000000 $t
     /tmp/ccE3qxy9.s:26     .text.DMA_SetConfig:00000000 DMA_SetConfig
     /tmp/ccE3qxy9.s:121    .text.DMA_CalcDMAMUXChannelBaseAndMask:00000000 $t
     /tmp/ccE3qxy9.s:126    .text.DMA_CalcDMAMUXChannelBaseAndMask:00000000 DMA_CalcDMAMUXChannelBaseAndMask
     /tmp/ccE3qxy9.s:206    .text.DMA_CalcDMAMUXChannelBaseAndMask:00000044 $d
     /tmp/ccE3qxy9.s:215    .text.DMA_CalcDMAMUXRequestGenBaseAndMask:00000000 $t
     /tmp/ccE3qxy9.s:220    .text.DMA_CalcDMAMUXRequestGenBaseAndMask:00000000 DMA_CalcDMAMUXRequestGenBaseAndMask
     /tmp/ccE3qxy9.s:262    .text.DMA_CalcDMAMUXRequestGenBaseAndMask:00000024 $d
     /tmp/ccE3qxy9.s:268    .text.HAL_DMA_Init:00000000 $t
     /tmp/ccE3qxy9.s:274    .text.HAL_DMA_Init:00000000 HAL_DMA_Init
     /tmp/ccE3qxy9.s:491    .text.HAL_DMA_Init:000000c0 $d
     /tmp/ccE3qxy9.s:501    .text.HAL_DMA_DeInit:00000000 $t
     /tmp/ccE3qxy9.s:507    .text.HAL_DMA_DeInit:00000000 HAL_DMA_DeInit
     /tmp/ccE3qxy9.s:689    .text.HAL_DMA_DeInit:000000a0 $d
     /tmp/ccE3qxy9.s:699    .text.HAL_DMA_Start:00000000 $t
     /tmp/ccE3qxy9.s:705    .text.HAL_DMA_Start:00000000 HAL_DMA_Start
     /tmp/ccE3qxy9.s:793    .text.HAL_DMA_Start_IT:00000000 $t
     /tmp/ccE3qxy9.s:799    .text.HAL_DMA_Start_IT:00000000 HAL_DMA_Start_IT
     /tmp/ccE3qxy9.s:937    .text.HAL_DMA_Abort:00000000 $t
     /tmp/ccE3qxy9.s:943    .text.HAL_DMA_Abort:00000000 HAL_DMA_Abort
     /tmp/ccE3qxy9.s:1061   .text.HAL_DMA_Abort_IT:00000000 $t
     /tmp/ccE3qxy9.s:1067   .text.HAL_DMA_Abort_IT:00000000 HAL_DMA_Abort_IT
     /tmp/ccE3qxy9.s:1200   .text.HAL_DMA_PollForTransfer:00000000 $t
     /tmp/ccE3qxy9.s:1206   .text.HAL_DMA_PollForTransfer:00000000 HAL_DMA_PollForTransfer
     /tmp/ccE3qxy9.s:1487   .text.HAL_DMA_IRQHandler:00000000 $t
     /tmp/ccE3qxy9.s:1493   .text.HAL_DMA_IRQHandler:00000000 HAL_DMA_IRQHandler
     /tmp/ccE3qxy9.s:1681   .text.HAL_DMA_RegisterCallback:00000000 $t
     /tmp/ccE3qxy9.s:1687   .text.HAL_DMA_RegisterCallback:00000000 HAL_DMA_RegisterCallback
     /tmp/ccE3qxy9.s:1738   .text.HAL_DMA_RegisterCallback:0000002c $d
     /tmp/ccE3qxy9.s:1742   .text.HAL_DMA_RegisterCallback:00000030 $t
     /tmp/ccE3qxy9.s:1788   .text.HAL_DMA_UnRegisterCallback:00000000 $t
     /tmp/ccE3qxy9.s:1794   .text.HAL_DMA_UnRegisterCallback:00000000 HAL_DMA_UnRegisterCallback
     /tmp/ccE3qxy9.s:1843   .text.HAL_DMA_UnRegisterCallback:0000002c $d
     /tmp/ccE3qxy9.s:1907   .text.HAL_DMA_GetState:00000000 $t
     /tmp/ccE3qxy9.s:1913   .text.HAL_DMA_GetState:00000000 HAL_DMA_GetState
     /tmp/ccE3qxy9.s:1931   .text.HAL_DMA_GetError:00000000 $t
     /tmp/ccE3qxy9.s:1937   .text.HAL_DMA_GetError:00000000 HAL_DMA_GetError
     /tmp/ccE3qxy9.s:1848   .text.HAL_DMA_UnRegisterCallback:00000031 $d
     /tmp/ccE3qxy9.s:1848   .text.HAL_DMA_UnRegisterCallback:00000032 $t

UNDEFINED SYMBOLS
HAL_GetTick
